53.278333;-6.100278;Dalkey, Dublin Bay;place;William Blake;allusion
53.278333;-6.100278;Dalkey, Dublin Bay;place;William Blake;allusion
53.278333;-6.100278;Dalkey, Dublin Bay;place;William Blake;allusion
53.278333;-6.100278;Dalkey, Dublin Bay;place;Pyrrhus;allusion
53.278333;-6.100278;Dalkey, Dublin Bay;place;Pyrrhus;allusion
53.278333;-6.100278;Dalkey, Dublin Bay;place;ScottishFamily;allusion
53.278333;-6.100278;Dalkey, Dublin Bay;place;ItalianPhilosopher;allusion
53.278333;-6.100278;Dalkey, Dublin Bay;place;RomanHistory;allusion
53.278333;-6.100278;Dalkey, Dublin Bay;place;Aristotle;allusion
53.278333;-6.100278;Dalkey, Dublin Bay;place;Aristotle;allusion
53.278333;-6.100278;Dalkey, Dublin Bay;place;Bible;allusion
53.278333;-6.100278;Dalkey, Dublin Bay;place;John Milton;allusion
53.278333;-6.100278;Dalkey, Dublin Bay;place;Aristotle;allusion
53.278333;-6.100278;Dalkey, Dublin Bay;place;William Blake;allusion
53.278333;-6.100278;Dalkey, Dublin Bay;place;Aristotle;allusion
53.278333;-6.100278;Dalkey, Dublin Bay;place;John Milton;allusion
53.278333;-6.100278;Dalkey, Dublin Bay;place;Bible;allusion
53.278333;-6.100278;Dalkey, Dublin Bay;place;Bible;allusion
53.278333;-6.100278;Dalkey, Dublin Bay;place;RomanHistory;allusion
53.278333;-6.100278;Dalkey, Dublin Bay;place;DeasyLandAct1860;allusion
53.278333;-6.100278;Dalkey, Dublin Bay;place;James Joyce;allusion
53.278333;-6.100278;Dalkey, Dublin Bay;place;IrishSaint;allusion
53.278333;-6.100278;Dalkey, Dublin Bay;place;Moors;allusion
53.278333;-6.100278;Dalkey, Dublin Bay;place;ReligiousPhilosophers Aristotle;allusion
53.278333;-6.100278;Dalkey, Dublin Bay;place;Bible;allusion
53.278333;-6.100278;Dalkey, Dublin Bay;place;Gloria Patri;allusion
53.278333;-6.100278;Dalkey, Dublin Bay;place;James II of England;allusion
53.278333;-6.100278;Dalkey, Dublin Bay;place;Bible;allusion
53.278333;-6.100278;Dalkey, Dublin Bay;place;pilgrimage;allusion
53.278333;-6.100278;Dalkey, Dublin Bay;place;proverb;allusion
53.278333;-6.100278;Dalkey, Dublin Bay;place;William Shakespeare;allusion
53.278333;-6.100278;Dalkey, Dublin Bay;place;James Joyce;allusion
53.278333;-6.100278;Dalkey, Dublin Bay;place;Irish economist and writer;allusion
53.278333;-6.100278;Dalkey, Dublin Bay;place;James Joyce;allusion
53.278333;-6.100278;Dalkey, Dublin Bay;place;George William Russell;allusion
53.278333;-6.100278;Dalkey, Dublin Bay;place;Edward VII;allusion
53.278333;-6.100278;Dalkey, Dublin Bay;place;Daniel O'Connell;allusion
53.278333;-6.100278;Dalkey, Dublin Bay;place;Irish famine;allusion
53.278333;-6.100278;Dalkey, Dublin Bay;place;Protestant;allusion
53.278333;-6.100278;Dalkey, Dublin Bay;place;Act of the Union 1800;allusion
53.278333;-6.100278;Dalkey, Dublin Bay;place;Roman Catholic Bishops;allusion
53.278333;-6.100278;Dalkey, Dublin Bay;place;Fenians;allusion
53.278333;-6.100278;Dalkey, Dublin Bay;place;Protestant;allusion
53.278333;-6.100278;Dalkey, Dublin Bay;place;Catholic v. Protestant conflict;allusion
53.278333;-6.100278;Dalkey, Dublin Bay;place;Irish rebel;allusion
53.278333;-6.100278;Dalkey, Dublin Bay;place;Sir John Blackwood;allusion
53.278333;-6.100278;Dalkey, Dublin Bay;place;proverb;allusion
53.278333;-6.100278;Dalkey, Dublin Bay;place;Sir John Blackwood;allusion
53.278333;-6.100278;Dalkey, Dublin Bay;place;Protestant;allusion
53.278333;-6.100278;Dalkey, Dublin Bay;place;Catholic;allusion
53.278333;-6.100278;Dalkey, Dublin Bay;place;horse racing;allusion
53.278333;-6.100278;Dalkey, Dublin Bay;place;horse racing;allusion
53.278333;-6.100278;Dalkey, Dublin Bay;place;failed Irish harbour;allusion
53.278333;-6.100278;Dalkey, Dublin Bay;place;European transatlantic shipping going through Galway;allusion
53.278333;-6.100278;Dalkey, Dublin Bay;place;Greek mythology;allusion
53.278333;-6.100278;Dalkey, Dublin Bay;place;Greek mythology;allusion
53.278333;-6.100278;Dalkey, Dublin Bay;place;disease;allusion
53.278333;-6.100278;Dalkey, Dublin Bay;place;Robert Koch;allusion
53.278333;-6.100278;Dalkey, Dublin Bay;place;TB vaccine;allusion
53.278333;-6.100278;Dalkey, Dublin Bay;place;disease;allusion
53.278333;-6.100278;Dalkey, Dublin Bay;place;Dr. Richard Blaas;allusion
53.278333;-6.100278;Dalkey, Dublin Bay;place;William Blake;allusion
53.278333;-6.100278;Dalkey, Dublin Bay;place;wandering Jews;allusion
53.278333;-6.100278;Dalkey, Dublin Bay;place;Bible;allusion
53.278333;-6.100278;Dalkey, Dublin Bay;place;Jules Laforgue;allusion
53.278333;-6.100278;Dalkey, Dublin Bay;place;Bible;allusion
53.278333;-6.100278;Dalkey, Dublin Bay;place;Bible;allusion
53.278333;-6.100278;Dalkey, Dublin Bay;place;Greek mythology;allusion
53.278333;-6.100278;Dalkey, Dublin Bay;place;Dermod MacMurrough;allusion
53.278333;-6.100278;Dalkey, Dublin Bay;place;Katherine O'Shea;allusion
53.278333;-6.100278;Dalkey, Dublin Bay;place;Protestant;allusion
53.278333;-6.100278;Dalkey, Dublin Bay;place;William Field;allusion
53.278333;-6.100278;Dalkey, Dublin Bay;place;Irish Cattle Traders and Stock Owners Association;allusion
53.278333;-6.100278;Dalkey, Dublin Bay;place;Homer;allusion
53.278333;-6.100278;Dalkey, Dublin Bay;place;Jews in Ireland;allusion
53.3187;-6.224;Sandymount Strand;place;Joyce;allusion
53.3187;-6.224;Sandymount Strand;place;Stephen;allusion
53.3187;-6.224;Sandymount Strand;place;Joyce;allusion
53.3187;-6.224;Sandymount Strand;place;Christianity;allusion
53.3187;-6.224;Sandymount Strand;place;Joyce;allusion
53.3187;-6.224;Sandymount Strand;place;Joyce;allusion
53.3187;-6.224;Sandymount Strand;place;Joyce;allusion
53.3187;-6.224;Sandymount Strand;place;Joyce;allusion
53.3187;-6.224;Sandymount Strand;place;Joyce;allusion
53.3187;-6.224;Sandymount Strand;place;Florence MacCabe;allusion
53.3187;-6.224;Sandymount Strand;place;Patrick MacCabe;allusion
53.3187;-6.224;Sandymount Strand;place;Joyce;allusion
53.3187;-6.224;Sandymount Strand;place;Christianity;allusion
53.3187;-6.224;Sandymount Strand;place;Christianity;allusion
53.3187;-6.224;Sandymount Strand;place;Joyce;allusion
53.3187;-6.224;Sandymount Strand;place;Christianity;allusion
53.3187;-6.224;Sandymount Strand;place;Arius;allusion
53.3187;-6.224;Sandymount Strand;place;Arius;allusion
53.3187;-6.224;Sandymount Strand;place;Sara;allusion
53.3187;-6.224;Sandymount Strand;place;Stephen;allusion
53.3187;-6.224;Sandymount Strand;place;Sally;allusion
53.3187;-6.224;Sandymount Strand;place;Stephen;allusion
53.3187;-6.224;Sandymount Strand;place;Christianity;allusion
53.3187;-6.224;Sandymount Strand;place;Christianity;allusion
53.3187;-6.224;Sandymount Strand;place;Harry;allusion
53.3187;-6.224;Sandymount Strand;place;Stephen;allusion
53.3187;-6.224;Sandymount Strand;place;Richie;allusion
53.3187;-6.224;Sandymount Strand;place;Stephen;allusion
53.3187;-6.224;Sandymount Strand;place;Walter;allusion
53.3187;-6.224;Sandymount Strand;place;Walter;allusion
53.3187;-6.224;Sandymount Strand;place;Richie;allusion
53.3187;-6.224;Sandymount Strand;place;Richie;allusion
53.3187;-6.224;Sandymount Strand;place;Goff;allusion
53.3187;-6.224;Sandymount Strand;place;Shapland Tandy;allusion
53.3187;-6.224;Sandymount Strand;place;Richie;allusion
53.3187;-6.224;Sandymount Strand;place;Walter;allusion
53.3187;-6.224;Sandymount Strand;place;Harry;allusion
53.3187;-6.224;Sandymount Strand;place;Walter;allusion
53.3187;-6.224;Sandymount Strand;place;Richie;allusion
53.3187;-6.224;Sandymount Strand;place;Stephen;allusion
53.3187;-6.224;Sandymount Strand;place;Harry;allusion
53.3187;-6.224;Sandymount Strand;place;Crissie;allusion
53.3187;-6.224;Sandymount Strand;place;Harry;allusion
53.3187;-6.224;Sandymount Strand;place;Richie;allusion
53.3187;-6.224;Sandymount Strand;place;Richie;allusion
53.3187;-6.224;Sandymount Strand;place;Richie;allusion
53.3187;-6.224;Sandymount Strand;place;Harry;allusion
53.3187;-6.224;Sandymount Strand;place;Richie;allusion
53.3187;-6.224;Sandymount Strand;place;Richie;allusion
53.3187;-6.224;Sandymount Strand;place;Harry;allusion
53.3187;-6.224;Sandymount Strand;place;Walter;allusion
53.3187;-6.224;Sandymount Strand;place;Harry;allusion
53.3187;-6.224;Sandymount Strand;place;Richie;allusion
53.3187;-6.224;Sandymount Strand;place;Stephen;allusion
53.3187;-6.224;Sandymount Strand;place;Stephen;allusion
53.3187;-6.224;Sandymount Strand;place;Christianity;allusion
53.3187;-6.224;Sandymount Strand;place;Abbas;allusion
53.3187;-6.224;Sandymount Strand;place;Stephen;allusion
53.3187;-6.224;Sandymount Strand;place;Christianity;allusion
53.3187;-6.224;Sandymount Strand;place;Stephen;allusion
53.3187;-6.224;Sandymount Strand;place;Sara;allusion
53.3187;-6.224;Sandymount Strand;place;Joseph;allusion
53.3187;-6.224;Sandymount Strand;place;Sara;allusion
53.3187;-6.224;Sandymount Strand;place;Leo Taxil;allusion
53.3187;-6.224;Sandymount Strand;place;Joseph;allusion
53.3187;-6.224;Sandymount Strand;place;Sara;allusion
53.3187;-6.224;Sandymount Strand;place;Joseph;allusion
53.3187;-6.224;Sandymount Strand;place;Stephen Dedalus;allusion
53.3187;-6.224;Sandymount Strand;place;Kevin Egan;allusion
53.3187;-6.224;Sandymount Strand;place;Patrice;allusion
53.3187;-6.224;Sandymount Strand;place;Arthur Griffith;allusion
53.3187;-6.224;Sandymount Strand;place;Queen Victoria;allusion
53.3187;-6.224;Sandymount Strand;place;Richard Burke;allusion
53.3187;-6.224;Sandymount Strand;place;Egan;allusion
53.3187;-6.224;Sandymount Strand;place;Kevin Egan;allusion
53.3187;-6.224;Sandymount Strand;place;Vikings;allusion
53.3187;-6.224;Sandymount Strand;place;Bible;allusion
53.3187;-6.224;Sandymount Strand;place;Bruce;allusion
53.3187;-6.224;Sandymount Strand;place;Thomas Fitzgerald;allusion
53.3187;-6.224;Sandymount Strand;place;Perkin Warbeck;allusion
53.3187;-6.224;Sandymount Strand;place;Lambert Simnel;allusion
53.3187;-6.224;Sandymount Strand;place;cocklepicker;allusion
53.3187;-6.224;Sandymount Strand;place;Queen Cassiopeia;allusion
53.3187;-6.224;Sandymount Strand;place;Hodges Figgis;allusion
53.3187;-6.224;Sandymount Strand;place;Leeson Park;allusion
53.3187;-6.224;Sandymount Strand;place;53.327952800;allusion
53.3187;-6.224;Sandymount Strand;place;-6.251978300;allusion
53.3187;-6.224;Sandymount Strand;place;Stevie;allusion
53.3187;-6.224;Sandymount Strand;place;Kevin Egan;allusion
53.3187;-6.224;Sandymount Strand;place;Greek Mythology;allusion
53.3187;-6.224;Sandymount Strand;place;Esther Osvalt;allusion
53.3187;-6.224;Sandymount Strand;place;Aurelius Ambrosius;allusion
53.3187;-6.224;Sandymount Strand;place;Greek Mythology;allusion
53.358819;-6.265908;7 Eccles Street;place;Christianity;allusion
53.358819;-6.265908;7 Eccles Street;place;Dublin road;allusion
53.358819;-6.265908;7 Eccles Street;place;Lower Abbey Street;allusion
53.358819;-6.265908;7 Eccles Street;place;travelling show;allusion
53.358819;-6.265908;7 Eccles Street;place;Judaism;allusion
53.358819;-6.265908;7 Eccles Street;place;Wilhelm II;allusion
53.358819;-6.265908;7 Eccles Street;place;priest;allusion
53.358819;-6.265908;7 Eccles Street;place;Christianity;allusion
53.358819;-6.265908;7 Eccles Street;place;Christianity;allusion
53.358819;-6.265908;7 Eccles Street;place;Christianity;allusion
53.358819;-6.265908;7 Eccles Street;place;Christianity;allusion
53.358819;-6.265908;7 Eccles Street;place;domestic medicine manual;allusion
53.358819;-6.265908;7 Eccles Street;place;Lord Byron;allusion
53.358819;-6.265908;7 Eccles Street;place;Leslie Stuart;allusion
53.358819;-6.265908;7 Eccles Street;place;Florence Elizabeth Chandler Maybrick;allusion
53.358819;-6.265908;7 Eccles Street;place;Charles Francois Gounod;allusion
53.358819;-6.265908;7 Eccles Street;place;G.J. Whyte-Melville;allusion
53.358819;-6.265908;7 Eccles Street;place;Rathmines park;allusion
53.358819;-6.265908;7 Eccles Street;place;Dublin Road;allusion
53.358819;-6.265908;7 Eccles Street;place;Stanley G. Gardner;allusion
53.358819;-6.265908;7 Eccles Street;place;The Lily of Killarney;allusion
53.358819;-6.265908;7 Eccles Street;place;Christianity;allusion
53.358819;-6.265908;7 Eccles Street;place;Queen's County Market;allusion
53.358819;-6.265908;7 Eccles Street;place;County Cork;allusion
53.358819;-6.265908;7 Eccles Street;place;44 Clarendon St Dublin;allusion
53.358819;-6.265908;7 Eccles Street;place;Kathleen ni Houlihan;allusion
53.358819;-6.265908;7 Eccles Street;place;John Henry Cardinal Newman;allusion
53.358819;-6.265908;7 Eccles Street;place;Sinn Fein;allusion
53.358819;-6.265908;7 Eccles Street;place;South Africa;allusion
53.358819;-6.265908;7 Eccles Street;place;Stephanus Johannes Paulus Kruger;allusion
53.358819;-6.265908;7 Eccles Street;place;Gibraltar;allusion
53.358819;-6.265908;7 Eccles Street;place;Gibraltar;allusion
53.358819;-6.265908;7 Eccles Street;place;Phoenix Park Dublin;allusion
53.358819;-6.265908;7 Eccles Street;place;Scottish Infantry;allusion
53.358819;-6.265908;7 Eccles Street;place;cavalry;allusion
53.358819;-6.265908;7 Eccles Street;place;Tugela river;allusion
53.358819;-6.265908;7 Eccles Street;place;67 Grafton St Dublin;allusion
53.358819;-6.265908;7 Eccles Street;place;magazine;allusion
53.358819;-6.265908;7 Eccles Street;place;weight loss;allusion
53.358819;-6.265908;7 Eccles Street;place;Mrs. H. Denham Balbraith;allusion
53.358819;-6.265908;7 Eccles Street;place;Parnell;allusion
53.358819;-6.265908;7 Eccles Street;place;Mrs. Edward Langtry;allusion
53.358819;-6.265908;7 Eccles Street;place;Francois Rabelais;allusion
53.358819;-6.265908;7 Eccles Street;place;Charles K. Harris;allusion
53.358819;-6.265908;7 Eccles Street;place;Christianity;allusion
53.358819;-6.265908;7 Eccles Street;place;Gibraltar;allusion
53.358819;-6.265908;7 Eccles Street;place;Prince of Wales;allusion
53.358819;-6.265908;7 Eccles Street;place;Mary St and Jervis St Dublin;allusion
53.358819;-6.265908;7 Eccles Street;place;48 Mary St Dublin;allusion
53.358819;-6.265908;7 Eccles Street;place;Gibraltar;allusion
53.358819;-6.265908;7 Eccles Street;place;Gibraltar;allusion
53.358819;-6.265908;7 Eccles Street;place;Gibraltar;allusion
53.358819;-6.265908;7 Eccles Street;place;southeastern Dublin;allusion
53.358819;-6.265908;7 Eccles Street;place;The 7 Wonders of the World;allusion
53.358819;-6.265908;7 Eccles Street;place;Gibraltar;allusion
53.358819;-6.265908;7 Eccles Street;place;Lady Hester Lucy Stanhope;allusion
53.358819;-6.265908;7 Eccles Street;place;France;allusion
53.358819;-6.265908;7 Eccles Street;place;Gibraltar;allusion
53.358819;-6.265908;7 Eccles Street;place;Christianity;allusion
53.358819;-6.265908;7 Eccles Street;place;Wilkie Collins;allusion
53.358819;-6.265908;7 Eccles Street;place;Ellen Wood;allusion
53.358819;-6.265908;7 Eccles Street;place;Ellen Wood;allusion
53.358819;-6.265908;7 Eccles Street;place;Mary Elizabeth Braddon;allusion
53.358819;-6.265908;7 Eccles Street;place;Edward Bulwer-Lytton;allusion
53.358819;-6.265908;7 Eccles Street;place;Margaret Wolfe Hungerford;allusion
53.358819;-6.265908;7 Eccles Street;place;Daniel Defoe;allusion
53.358819;-6.265908;7 Eccles Street;place;Gibraltar;allusion
53.358819;-6.265908;7 Eccles Street;place;Ulysses S. Grant;allusion
53.358819;-6.265908;7 Eccles Street;place;Gibraltar;allusion
53.358819;-6.265908;7 Eccles Street;place;Gibraltar;allusion
53.358819;-6.265908;7 Eccles Street;place;Judaism;allusion
53.358819;-6.265908;7 Eccles Street;place;Garnet Joseph Wolseley;allusion
53.358819;-6.265908;7 Eccles Street;place;Bushmills Ireland;allusion
53.358819;-6.265908;7 Eccles Street;place;Christianity;allusion
53.358819;-6.265908;7 Eccles Street;place;Matthew Dillon;allusion
53.358819;-6.265908;7 Eccles Street;place;Gibraltar;allusion
53.358819;-6.265908;7 Eccles Street;place;Gibraltar;allusion
53.358819;-6.265908;7 Eccles Street;place;Gibraltar;allusion
53.358819;-6.265908;7 Eccles Street;place;Gibraltar;allusion
53.358819;-6.265908;7 Eccles Street;place;Christianity;allusion
53.358819;-6.265908;7 Eccles Street;place;Christianity;allusion
53.358819;-6.265908;7 Eccles Street;place;Christianity;allusion
53.358819;-6.265908;7 Eccles Street;place;Gibraltar;allusion
53.358819;-6.265908;7 Eccles Street;place;H.S. Clarke and E.B. Farmer;allusion
53.358819;-6.265908;7 Eccles Street;place;Gibraltar;allusion
53.358819;-6.265908;7 Eccles Street;place;Wilford Morgan;allusion
53.358819;-6.265908;7 Eccles Street;place;County Wexford Ireland;allusion
53.358819;-6.265908;7 Eccles Street;place;Alfonso XIII;allusion
53.358819;-6.265908;7 Eccles Street;place;Gibraltar;allusion
53.358819;-6.265908;7 Eccles Street;place;Gibraltar;allusion
53.358819;-6.265908;7 Eccles Street;place;Gibraltar;allusion
53.358819;-6.265908;7 Eccles Street;place;Gibraltar;allusion
53.358819;-6.265908;7 Eccles Street;place;Gibraltar;allusion
53.358819;-6.265908;7 Eccles Street;place;Gibraltar;allusion
53.358819;-6.265908;7 Eccles Street;place;Gibraltar;allusion
53.358819;-6.265908;7 Eccles Street;place;Oriental SN Company;allusion
53.358819;-6.265908;7 Eccles Street;place;Will S. Hays;allusion
53.358819;-6.265908;7 Eccles Street;place;Gibraltar;allusion
53.358819;-6.265908;7 Eccles Street;place;Royal Naval Reserve;allusion
53.358819;-6.265908;7 Eccles Street;place;Christianity;allusion
53.358819;-6.265908;7 Eccles Street;place;women's rights;allusion
53.358819;-6.265908;7 Eccles Street;place;Elizabeth Smith Miller;allusion
53.358819;-6.265908;7 Eccles Street;place;Gibraltar;allusion
53.358819;-6.265908;7 Eccles Street;place;Gibraltar;allusion
53.358819;-6.265908;7 Eccles Street;place;Christianity;allusion
53.358819;-6.265908;7 Eccles Street;place;Celtic design;allusion
53.358819;-6.265908;7 Eccles Street;place;F.E. Weatherly and Hope Temple;allusion
53.358819;-6.265908;7 Eccles Street;place;Gibraltar;allusion
53.358819;-6.265908;7 Eccles Street;place;Dublin parks;allusion
53.358819;-6.265908;7 Eccles Street;place;mannikins;allusion
53.358819;-6.265908;7 Eccles Street;place;bank holiday;allusion
53.358819;-6.265908;7 Eccles Street;place;Gibraltar;allusion
53.358819;-6.265908;7 Eccles Street;place;Roman Mythology;allusion
53.358819;-6.265908;7 Eccles Street;place;newspaper;allusion
53.358819;-6.265908;7 Eccles Street;place;10 Harcourt St Dublin;allusion
53.358819;-6.265908;7 Eccles Street;place;Nelson St Dublin;allusion
53.358819;-6.265908;7 Eccles Street;place;superstition;allusion
53.358819;-6.265908;7 Eccles Street;place;superstition;allusion
53.358819;-6.265908;7 Eccles Street;place;Freeman Crofts Wills;allusion
53.358819;-6.265908;7 Eccles Street;place;Herbert Beerbohm Tree;allusion
53.358819;-6.265908;7 Eccles Street;place;Martin Harvey;allusion
53.358819;-6.265908;7 Eccles Street;place;superstition;allusion
53.358819;-6.265908;7 Eccles Street;place;Mrs and Mr Wiliam Hunter Kendal;allusion
53.358819;-6.265908;7 Eccles Street;place;GA Greene;allusion
53.358819;-6.265908;7 Eccles Street;place;superstition;allusion
53.358819;-6.265908;7 Eccles Street;place;superstition;allusion
53.358819;-6.265908;7 Eccles Street;place;Robert Southey;allusion
53.358819;-6.265908;7 Eccles Street;place;JH Collins;allusion
53.358819;-6.265908;7 Eccles Street;place;Irish Politics;allusion
53.358819;-6.265908;7 Eccles Street;place;Sinn Fein;allusion
53.358819;-6.265908;7 Eccles Street;place;Arthur Griffith;allusion
53.358819;-6.265908;7 Eccles Street;place;outskirts of Dublin;allusion
53.358819;-6.265908;7 Eccles Street;place;Aristotle;allusion
53.358819;-6.265908;7 Eccles Street;place;Judaism;allusion
53.358819;-6.265908;7 Eccles Street;place;Trinity College;allusion
53.358819;-6.265908;7 Eccles Street;place;Hughie Cannon;allusion
53.358819;-6.265908;7 Eccles Street;place;James Thornton;allusion
53.358819;-6.265908;7 Eccles Street;place;Claxon Bellamy and JL Hatton;allusion
53.358819;-6.265908;7 Eccles Street;place;Maritana;allusion
53.358819;-6.265908;7 Eccles Street;place;Dublin train station;allusion
53.358819;-6.265908;7 Eccles Street;place;fortune telling;allusion
53.358819;-6.265908;7 Eccles Street;place;Irish Whiskey;allusion
53.358819;-6.265908;7 Eccles Street;place;Gibraltar;allusion
53.358819;-6.265908;7 Eccles Street;place;Gibraltar;allusion
53.358819;-6.265908;7 Eccles Street;place;fortune telling;allusion
53.358819;-6.265908;7 Eccles Street;place;fortune telling;allusion
53.358819;-6.265908;7 Eccles Street;place;Julius Caesar;allusion
53.358819;-6.265908;7 Eccles Street;place;Gibraltar;allusion
53.358819;-6.265908;7 Eccles Street;place;Spanish monk;allusion
53.358819;-6.265908;7 Eccles Street;place;Christianity;allusion
53.358819;-6.265908;7 Eccles Street;place;HW Challis and William V Wallace;allusion
53.358819;-6.265908;7 Eccles Street;place;The Odyssey;allusion
53.358819;-6.265908;7 Eccles Street;place;fortune telling;allusion
53.358819;-6.265908;7 Eccles Street;place;Gibraltar;allusion
53.358819;-6.265908;7 Eccles Street;place;Gibraltar;allusion
53.358819;-6.265908;7 Eccles Street;place;Gibraltar;allusion
53.358819;-6.265908;7 Eccles Street;place;Juan Valera Y Alcala Galiano;allusion
53.358819;-6.265908;7 Eccles Street;place;superstition;allusion
53.358819;-6.265908;7 Eccles Street;place;Gibraltar;allusion
53.358819;-6.265908;7 Eccles Street;place;9 Suffolk Street;allusion
53.358819;-6.265908;7 Eccles Street;place;Dublin Corporation Food Market;allusion
53.358819;-6.265908;7 Eccles Street;place;Don Giovanni;allusion
53.358819;-6.265908;7 Eccles Street;place;Wife of Scarli;allusion
53.358819;-6.265908;7 Eccles Street;place;James Montgomery;allusion
53.358819;-6.265908;7 Eccles Street;place;Christianity;allusion
53.358819;-6.265908;7 Eccles Street;place;33 Sackville St Upper;allusion
53.358819;-6.265908;7 Eccles Street;place;29-32 Sackville St Upper;allusion
53.358819;-6.265908;7 Eccles Street;place;Lipton's Tea;allusion
53.358819;-6.265908;7 Eccles Street;place;Iona Opie;allusion
53.358819;-6.265908;7 Eccles Street;place;Iona Opie;allusion
53.358819;-6.265908;7 Eccles Street;place;Gibraltar;allusion
53.358819;-6.265908;7 Eccles Street;place;Gibraltar;allusion
53.358819;-6.265908;7 Eccles Street;place;Gibraltar;allusion
53.358819;-6.265908;7 Eccles Street;place;Gibraltar;allusion
53.358819;-6.265908;7 Eccles Street;place;LeopoldBloom;allusion
53.358819;-6.265908;7 Eccles Street;place;Cat;allusion
53.358819;-6.265908;7 Eccles Street;place;LeopoldBloom;allusion
53.358819;-6.265908;7 Eccles Street;place;LeopoldBloom;allusion
53.358819;-6.265908;7 Eccles Street;place;LeopoldBloom;allusion
53.358819;-6.265908;7 Eccles Street;place;LeopoldBloom;allusion
53.358819;-6.265908;7 Eccles Street;place;Cat;allusion
53.358819;-6.265908;7 Eccles Street;place;Cat;allusion
53.358819;-6.265908;7 Eccles Street;place;Cat;allusion
53.358819;-6.265908;7 Eccles Street;place;ArthurGriffith;allusion
53.358819;-6.265908;7 Eccles Street;place;LarryO'Rourke;allusion
53.358819;-6.265908;7 Eccles Street;place;LarryO'Rourke;allusion
53.358819;-6.265908;7 Eccles Street;place;LeopoldBloom;allusion
53.358819;-6.265908;7 Eccles Street;place;LarryO'Rourke;allusion
53.358819;-6.265908;7 Eccles Street;place;LeopoldBloom;allusion
53.358819;-6.265908;7 Eccles Street;place;LarryO'Rourke;allusion
53.358819;-6.265908;7 Eccles Street;place;Porkbutcher;allusion
53.358819;-6.265908;7 Eccles Street;place;Porkbutcher;allusion
53.358819;-6.265908;7 Eccles Street;place;LeopoldBloom;allusion
53.358819;-6.265908;7 Eccles Street;place;Porkbutcher;allusion
53.358819;-6.265908;7 Eccles Street;place;Porkbutcher;allusion
53.358819;-6.265908;7 Eccles Street;place;MarionBloom;allusion
53.358819;-6.265908;7 Eccles Street;place;LeopoldBloom;allusion
53.358819;-6.265908;7 Eccles Street;place;MarionBloom;allusion
53.358819;-6.265908;7 Eccles Street;place;LeopoldBloom;allusion
53.358819;-6.265908;7 Eccles Street;place;LeopoldBloom;allusion
53.358819;-6.265908;7 Eccles Street;place;LeopoldBloom;allusion
53.358819;-6.265908;7 Eccles Street;place;MarionBloom;allusion
53.358819;-6.265908;7 Eccles Street;place;MarionBloom;allusion
53.358819;-6.265908;7 Eccles Street;place;MarionBloom;allusion
53.358819;-6.265908;7 Eccles Street;place;LeopoldBloom;allusion
53.358819;-6.265908;7 Eccles Street;place;MarionBloom;allusion
53.358819;-6.265908;7 Eccles Street;place;LeopoldBloom;allusion
53.358819;-6.265908;7 Eccles Street;place;MarionBloom;allusion
53.358819;-6.265908;7 Eccles Street;place;MarionBloom;allusion
53.358819;-6.265908;7 Eccles Street;place;LeopoldBloom;allusion
53.358819;-6.265908;7 Eccles Street;place;MarionBloom;allusion
53.358819;-6.265908;7 Eccles Street;place;LeopoldBloom;allusion
53.358819;-6.265908;7 Eccles Street;place;MarianBloom;allusion
53.358819;-6.265908;7 Eccles Street;place;MarionBloom;allusion
53.358819;-6.265908;7 Eccles Street;place;MarianBloom;allusion
53.358819;-6.265908;7 Eccles Street;place;MarianBloom;allusion
53.358819;-6.265908;7 Eccles Street;place;LeopoldBloom;allusion
53.358819;-6.265908;7 Eccles Street;place;MarianBloom;allusion
53.358819;-6.265908;7 Eccles Street;place;MarianBloom;allusion
53.358819;-6.265908;7 Eccles Street;place;LeopoldBloom;allusion
53.358819;-6.265908;7 Eccles Street;place;MarianBloom;allusion
53.358819;-6.265908;7 Eccles Street;place;LeopoldBloom;allusion
53.358819;-6.265908;7 Eccles Street;place;MarianBloom;allusion
53.358819;-6.265908;7 Eccles Street;place;LeopoldBloom;allusion
53.358819;-6.265908;7 Eccles Street;place;MarianBloom;allusion
53.358819;-6.265908;7 Eccles Street;place;LeopoldBloom;allusion
53.358819;-6.265908;7 Eccles Street;place;MarianBloom;allusion
53.358819;-6.265908;7 Eccles Street;place;LeopoldBloom;allusion
53.358819;-6.265908;7 Eccles Street;place;MarianBloom;allusion
53.358819;-6.265908;7 Eccles Street;place;LeopoldBloom;allusion
53.358819;-6.265908;7 Eccles Street;place;LeopoldBloom;allusion
53.358819;-6.265908;7 Eccles Street;place;painting;allusion
53.358819;-6.265908;7 Eccles Street;place;LeopoldBloom;allusion
53.358819;-6.265908;7 Eccles Street;place;MarianBloom;allusion
53.358819;-6.265908;7 Eccles Street;place;MarianBloom;allusion
53.358819;-6.265908;7 Eccles Street;place;LeopoldBloom;allusion
53.358819;-6.265908;7 Eccles Street;place;PhilipBeaufoy;allusion
53.358819;-6.265908;7 Eccles Street;place;GrettaConroy;allusion
53.358819;-6.265908;7 Eccles Street;place;Leopold Bloom;allusion
53.358819;-6.265908;7 Eccles Street;place;Stephen Dedalus;allusion
53.358819;-6.265908;7 Eccles Street;place;Christianity;allusion
53.358819;-6.265908;7 Eccles Street;place;Stephen Dedalus;allusion
53.358819;-6.265908;7 Eccles Street;place;Leopold Bloom;allusion
53.358819;-6.265908;7 Eccles Street;place;Stephen Dedalus;allusion
53.358819;-6.265908;7 Eccles Street;place;Leopold Bloom;allusion
53.358819;-6.265908;7 Eccles Street;place;Leopold Bloom;allusion
53.358819;-6.265908;7 Eccles Street;place;Stephen Dedalus;allusion
53.358819;-6.265908;7 Eccles Street;place;Leopold Bloom;allusion
53.358819;-6.265908;7 Eccles Street;place;Stephen Dedalus;allusion
53.358819;-6.265908;7 Eccles Street;place;Saint Patrick;allusion
53.358819;-6.265908;7 Eccles Street;place;Patrick Father;allusion
53.358819;-6.265908;7 Eccles Street;place;Potitus;allusion
53.358819;-6.265908;7 Eccles Street;place;Greek Mythology;allusion
53.358819;-6.265908;7 Eccles Street;place;Pope Celestine I;allusion
53.358819;-6.265908;7 Eccles Street;place;King of Ireland;allusion
53.358819;-6.265908;7 Eccles Street;place;Leopold Bloom;allusion
53.358819;-6.265908;7 Eccles Street;place;Stephen Dedalus;allusion
53.358819;-6.265908;7 Eccles Street;place;Leopold Bloom;allusion
53.358819;-6.265908;7 Eccles Street;place;Owen Goldberg;allusion
53.358819;-6.265908;7 Eccles Street;place;Cecil Turnbull;allusion
53.358819;-6.265908;7 Eccles Street;place;Percy Apjohn;allusion
53.358819;-6.265908;7 Eccles Street;place;Brian Tweedy;allusion
53.358819;-6.265908;7 Eccles Street;place;Marion Tweedy;allusion
53.358819;-6.265908;7 Eccles Street;place;Matthew Dillon;allusion
53.358819;-6.265908;7 Eccles Street;place;Leopold Bloom;allusion
53.358819;-6.265908;7 Eccles Street;place;Leopold Bloom;allusion
53.358819;-6.265908;7 Eccles Street;place;Francis Froedman;allusion
53.358819;-6.265908;7 Eccles Street;place;Christianity;allusion
53.358819;-6.265908;7 Eccles Street;place;Stephen Dedalus;allusion
53.358819;-6.265908;7 Eccles Street;place;Stephen Dedalus;allusion
53.358819;-6.265908;7 Eccles Street;place;Leopold Bloom;allusion
53.358819;-6.265908;7 Eccles Street;place;Leopold Bloom;allusion
53.358819;-6.265908;7 Eccles Street;place;Michael Dedalus;allusion
53.358819;-6.265908;7 Eccles Street;place;Jesuit Order;allusion
53.358819;-6.265908;7 Eccles Street;place;Simon Dedalus;allusion
53.358819;-6.265908;7 Eccles Street;place;Kate Morkan;allusion
53.358819;-6.265908;7 Eccles Street;place;Julia Morkan;allusion
53.358819;-6.265908;7 Eccles Street;place;Richard Goulding;allusion
53.358819;-6.265908;7 Eccles Street;place;Mary Dedalus;allusion
53.358819;-6.265908;7 Eccles Street;place;Simon Dedalus;allusion
53.358819;-6.265908;7 Eccles Street;place;Saint Francis;allusion
53.358819;-6.265908;7 Eccles Street;place;Stephen Dedalus;allusion
53.358819;-6.265908;7 Eccles Street;place;Leopold Bloom;allusion
53.358819;-6.265908;7 Eccles Street;place;Leopold Bloom;allusion
53.358819;-6.265908;7 Eccles Street;place;Spencer Harty;allusion
53.358819;-6.265908;7 Eccles Street;place;Leopold Bloom;allusion
53.358819;-6.265908;7 Eccles Street;place;Stephen Dedalus;allusion
53.358819;-6.265908;7 Eccles Street;place;Leopold Bloom;allusion
53.358819;-6.265908;7 Eccles Street;place;Leopold Bloom;allusion
53.358819;-6.265908;7 Eccles Street;place;Stephen Dedalus;allusion
53.358819;-6.265908;7 Eccles Street;place;Leopold Bloom;allusion
53.358819;-6.265908;7 Eccles Street;place; Leopold Bloom;allusion
53.358819;-6.265908;7 Eccles Street;place;Fleming;allusion
53.358819;-6.265908;7 Eccles Street;place;newspaper;allusion
53.358819;-6.265908;7 Eccles Street;place;journal;allusion
53.358819;-6.265908;7 Eccles Street;place;newspaper;allusion
53.358819;-6.265908;7 Eccles Street;place;Leopold Bloom;allusion
53.358819;-6.265908;7 Eccles Street;place;Millicent;allusion
53.358819;-6.265908;7 Eccles Street;place;Marion;allusion
53.358819;-6.265908;7 Eccles Street;place;Leopold Bloom;allusion
53.358819;-6.265908;7 Eccles Street;place;Shakespeare;allusion
53.358819;-6.265908;7 Eccles Street;place;newspaper;allusion
53.358819;-6.265908;7 Eccles Street;place;Leopold Bloom;allusion
53.358819;-6.265908;7 Eccles Street;place;Marion Tweedy;allusion
53.358819;-6.265908;7 Eccles Street;place;Michael Gunn;allusion
53.358819;-6.265908;7 Eccles Street;place;Sinbad book;allusion
53.358819;-6.265908;7 Eccles Street;place;Greenleaf Whittier;allusion
53.358819;-6.265908;7 Eccles Street;place;George Jackson;allusion
53.358819;-6.265908;7 Eccles Street;place;Cecil Hicks;allusion
53.358819;-6.265908;7 Eccles Street;place;Jessie Noir;allusion
53.358819;-6.265908;7 Eccles Street;place;Thomas Otto;allusion
53.358819;-6.265908;7 Eccles Street;place;Nelly Bouverist;allusion
53.358819;-6.265908;7 Eccles Street;place;Queen Victoria;allusion
53.358819;-6.265908;7 Eccles Street;place;theatre;allusion
53.358819;-6.265908;7 Eccles Street;place;Nelly Bouverist;allusion
53.358819;-6.265908;7 Eccles Street;place;Nelly Bouverist;allusion
53.358819;-6.265908;7 Eccles Street;place;Nelly Bouverist;allusion
53.358819;-6.265908;7 Eccles Street;place;book;allusion
53.358819;-6.265908;7 Eccles Street;place;Leopold Bloom;allusion
53.358819;-6.265908;7 Eccles Street;place;Stephen Dedalus;allusion
53.358819;-6.265908;7 Eccles Street;place;Stephen Dedalus;allusion
53.358819;-6.265908;7 Eccles Street;place;Leopold Bloom;allusion
53.358819;-6.265908;7 Eccles Street;place;Leopold Bloom;allusion
53.358819;-6.265908;7 Eccles Street;place;Leopold Bloom;allusion
53.358819;-6.265908;7 Eccles Street;place;Stephen Dedalus;allusion
53.358819;-6.265908;7 Eccles Street;place;Stephen Dedalus;allusion
53.358819;-6.265908;7 Eccles Street;place;Leopold Bloom;allusion
53.358819;-6.265908;7 Eccles Street;place;Stephen Dedalus;allusion
53.358819;-6.265908;7 Eccles Street;place; Leopold Bloom;allusion
53.358819;-6.265908;7 Eccles Street;place;Leopold Bloom;allusion
53.358819;-6.265908;7 Eccles Street;place;Stephen Dedalus;allusion
53.358819;-6.265908;7 Eccles Street;place; Leopold Bloom;allusion
53.358819;-6.265908;7 Eccles Street;place;grandfather of Noah;allusion
53.358819;-6.265908;7 Eccles Street;place;Stephen Dedalus;allusion
53.358819;-6.265908;7 Eccles Street;place;Leopold Bloom;allusion
53.358819;-6.265908;7 Eccles Street;place;Matthew Dillon;allusion
53.358819;-6.265908;7 Eccles Street;place;Stephen Dedalus;allusion
53.358819;-6.265908;7 Eccles Street;place;Stephen Dedalus;allusion
53.358819;-6.265908;7 Eccles Street;place;Stephen Dedalus;allusion
53.358819;-6.265908;7 Eccles Street;place;Stephen Dedalus;allusion
53.358819;-6.265908;7 Eccles Street;place;Stephen Dedalus;allusion
53.358819;-6.265908;7 Eccles Street;place;Leopold Bloom;allusion
53.358819;-6.265908;7 Eccles Street;place;Elizabeth O'Dowd;allusion
53.358819;-6.265908;7 Eccles Street;place; Leopold Bloom;allusion
53.358819;-6.265908;7 Eccles Street;place;Christianity;allusion
53.358819;-6.265908;7 Eccles Street;place;Charles Stewart Parnell;allusion
53.358819;-6.265908;7 Eccles Street;place;Michael Davitt;allusion
53.358819;-6.265908;7 Eccles Street;place;book;allusion
53.358819;-6.265908;7 Eccles Street;place;Leopold Bloom;allusion
53.358819;-6.265908;7 Eccles Street;place;Stephen Dedalus;allusion
53.358819;-6.265908;7 Eccles Street;place;Leopold Bloom;allusion
53.358819;-6.265908;7 Eccles Street;place;Stephen Deadlus;allusion
53.358819;-6.265908;7 Eccles Street;place;Leopold Bloom;allusion
53.358819;-6.265908;7 Eccles Street;place;Stephen Dedalus;allusion
53.358819;-6.265908;7 Eccles Street;place; Leopold Bloom;allusion
53.358819;-6.265908;7 Eccles Street;place;Rudolf Virag;allusion
53.358819;-6.265908;7 Eccles Street;place;Rudolf Virag;allusion
53.358819;-6.265908;7 Eccles Street;place;Leopold Bloom;allusion
53.358819;-6.265908;7 Eccles Street;place;Stephen Dedalus;allusion
53.358819;-6.265908;7 Eccles Street;place;Leopold_Bloom;allusion
53.358819;-6.265908;7 Eccles Street;place;Gilmer_Johnston;allusion
53.358819;-6.265908;7 Eccles Street;place;James_O'Conner;allusion
53.358819;-6.265908;7 Eccles Street;place;Philip_Gilligan;allusion
53.358819;-6.265908;7 Eccles Street;place;James_Fitzpatrick;allusion
53.358819;-6.265908;7 Eccles Street;place;Charles_Malone;allusion
53.358819;-6.265908;7 Eccles Street;place;Stephen_Dedalus;allusion
53.358819;-6.265908;7 Eccles Street;place;Leopold_Bloom;allusion
53.358819;-6.265908;7 Eccles Street;place;Stephen_Dedalus;allusion
53.358819;-6.265908;7 Eccles Street;place;Leopold_Bloom;allusion
53.358819;-6.265908;7 Eccles Street;place;Leopold_Bloom;allusion
53.358819;-6.265908;7 Eccles Street;place;Zodiac;allusion
53.358819;-6.265908;7 Eccles Street;place;Zodiac;allusion
53.358819;-6.265908;7 Eccles Street;place;Ephraim_Marks;allusion
53.358819;-6.265908;7 Eccles Street;place;Charles_James;allusion
53.358819;-6.265908;7 Eccles Street;place;Stephen_Douglas;allusion
53.358819;-6.265908;7 Eccles Street;place;Leopold_Bloom;allusion
53.358819;-6.265908;7 Eccles Street;place;Rudolph_Bloom;allusion
53.358819;-6.265908;7 Eccles Street;place;Thomas Fuller;allusion
53.358819;-6.265908;7 Eccles Street;place;parable;allusion
53.358819;-6.265908;7 Eccles Street;place;Old Testament;allusion
53.358819;-6.265908;7 Eccles Street;place;Sephardic Jewish philosopher;allusion
53.358819;-6.265908;7 Eccles Street;place;book;allusion
53.358819;-6.265908;7 Eccles Street;place;German Jewish philosopher;allusion
53.358819;-6.265908;7 Eccles Street;place;Leopold_Bloom;allusion
53.358819;-6.265908;7 Eccles Street;place;Greek philosophy;allusion
53.358819;-6.265908;7 Eccles Street;place;Stephen_Deglaus;allusion
53.358819;-6.265908;7 Eccles Street;place;composer;allusion
53.358819;-6.265908;7 Eccles Street;place;philosopher;allusion
53.358819;-6.265908;7 Eccles Street;place;pugilist;allusion
53.358819;-6.265908;7 Eccles Street;place;duellist;allusion
53.358819;-6.265908;7 Eccles Street;place;Stephen_Douglas;allusion
53.358819;-6.265908;7 Eccles Street;place;Stephen Douglas;allusion
53.358819;-6.265908;7 Eccles Street;place;Leopold Bloom;allusion
53.358819;-6.265908;7 Eccles Street;place;Leopold Bloom;allusion
53.358819;-6.265908;7 Eccles Street;place;Leopold Bloom;allusion
53.358819;-6.265908;7 Eccles Street;place;Stephen Douglas;allusion
53.358819;-6.265908;7 Eccles Street;place;Stephen Douglas;allusion
53.358819;-6.265908;7 Eccles Street;place;Leopold Bloom;allusion
53.358819;-6.265908;7 Eccles Street;place;Judaism;allusion
53.358819;-6.265908;7 Eccles Street;place;Judaism;allusion
53.358819;-6.265908;7 Eccles Street;place;Leopold Bloom;allusion
53.358819;-6.265908;7 Eccles Street;place;Stephen Douglas;allusion
53.358819;-6.265908;7 Eccles Street;place;Leopold Bloom;allusion
53.358819;-6.265908;7 Eccles Street;place;Stephen Douglas;allusion
53.358819;-6.265908;7 Eccles Street;place;Leopold Bloom;allusion
53.358819;-6.265908;7 Eccles Street;place;Stephen Douglas;allusion
53.358819;-6.265908;7 Eccles Street;place;Syrian Monk;allusion
53.358819;-6.265908;7 Eccles Street;place;monk;allusion
53.358819;-6.265908;7 Eccles Street;place;Leopold Bloom;allusion
53.358819;-6.265908;7 Eccles Street;place;William Shakespare;allusion
53.358819;-6.265908;7 Eccles Street;place;Stephen Douglas;allusion
53.358819;-6.265908;7 Eccles Street;place;Millicent;allusion
53.358819;-6.265908;7 Eccles Street;place;Padney Socks;allusion
53.358819;-6.265908;7 Eccles Street;place;Elsa Potter;allusion
53.358819;-6.265908;7 Eccles Street;place;Leopold Bloom;allusion
53.358819;-6.265908;7 Eccles Street;place;Stephen Dedalus;allusion
53.358819;-6.265908;7 Eccles Street;place;Emily Sinico;allusion
53.358819;-6.265908;7 Eccles Street;place;Mary Dedalus;allusion
53.358819;-6.265908;7 Eccles Street;place;Rudolph Bloom;allusion
53.358819;-6.265908;7 Eccles Street;place;Albert Hengler;allusion
53.358819;-6.265908;7 Eccles Street;place;Leopold Bloom;allusion
53.358819;-6.265908;7 Eccles Street;place;Leopold Bloom;allusion
53.358819;-6.265908;7 Eccles Street;place;Leopold Bloom;allusion
53.358819;-6.265908;7 Eccles Street;place; Leopold Bloom;allusion
53.358819;-6.265908;7 Eccles Street;place;Stephen Dedalus;allusion
53.358819;-6.265908;7 Eccles Street;place;Leopold Bloom;allusion
53.358819;-6.265908;7 Eccles Street;place;Leopold Bloom;allusion
53.358819;-6.265908;7 Eccles Street;place;Stephen Dedalus;allusion
53.358819;-6.265908;7 Eccles Street;place;Leopold Bloom;allusion
53.358819;-6.265908;7 Eccles Street;place;Leopold Bloom;allusion
53.358819;-6.265908;7 Eccles Street;place;star constellation;allusion
53.358819;-6.265908;7 Eccles Street;place;star constellation;allusion
53.358819;-6.265908;7 Eccles Street;place;Greek Mythology;allusion
53.358819;-6.265908;7 Eccles Street;place;Greek Mythology;allusion
53.358819;-6.265908;7 Eccles Street;place;Mars;allusion
53.358819;-6.265908;7 Eccles Street;place;Mercy;allusion
53.358819;-6.265908;7 Eccles Street;place;Venus;allusion
53.358819;-6.265908;7 Eccles Street;place;Jupiter;allusion
53.358819;-6.265908;7 Eccles Street;place;Saturn;allusion
53.358819;-6.265908;7 Eccles Street;place;Neptune;allusion
53.358819;-6.265908;7 Eccles Street;place;Uranus;allusion
53.358819;-6.265908;7 Eccles Street;place;planet Saturn;allusion
53.358819;-6.265908;7 Eccles Street;place;scientist;allusion
53.358819;-6.265908;7 Eccles Street;place;German astronomer;allusion
53.358819;-6.265908;7 Eccles Street;place;Italian Mathematician;allusion
53.358819;-6.265908;7 Eccles Street;place;French astronomer;allusion
53.358819;-6.265908;7 Eccles Street;place;planet;allusion
53.358819;-6.265908;7 Eccles Street;place;Catholic saint;allusion
53.358819;-6.265908;7 Eccles Street;place;writer playwright;allusion
53.358819;-6.265908;7 Eccles Street;place;Leopold Bloom;allusion
53.358819;-6.265908;7 Eccles Street;place;star constellation;allusion
53.358819;-6.265908;7 Eccles Street;place;Stephen Dedalus;allusion
53.358819;-6.265908;7 Eccles Street;place;star constellation;allusion
53.358819;-6.265908;7 Eccles Street;place;Rudolph Bloom;allusion
53.358819;-6.265908;7 Eccles Street;place;Frank O'Hara;allusion
53.358819;-6.265908;7 Eccles Street;place;Marion Bloom;allusion
53.358819;-6.265908;7 Eccles Street;place;Stephen Dedalus;allusion
53.358819;-6.265908;7 Eccles Street;place;Leopold Bloom;allusion
53.358819;-6.265908;7 Eccles Street;place;Stephen Dedalus;allusion
53.358819;-6.265908;7 Eccles Street;place;Leopold Bloom;allusion
53.358819;-6.265908;7 Eccles Street;place;Leopold Bloom;allusion
53.358819;-6.265908;7 Eccles Street;place;Stephen Dedalus;allusion
53.358819;-6.265908;7 Eccles Street;place;Leopold Bloom;allusion
53.358819;-6.265908;7 Eccles Street;place;Stephen Dedalus;allusion
53.358819;-6.265908;7 Eccles Street;place;Leopold Bloom;allusion
53.358819;-6.265908;7 Eccles Street;place;Stephen Dedalus;allusion
53.358819;-6.265908;7 Eccles Street;place;Zodiac;allusion
53.358819;-6.265908;7 Eccles Street;place;Catholic saint;allusion
53.358819;-6.265908;7 Eccles Street;place;Stephen Dedalus;allusion
53.358819;-6.265908;7 Eccles Street;place;Leopold Bloom;allusion
53.358819;-6.265908;7 Eccles Street;place;Martin Cunningham;allusion
53.358819;-6.265908;7 Eccles Street;place;Jack Power;allusion
53.358819;-6.265908;7 Eccles Street;place;Simon Dedalus;allusion
53.358819;-6.265908;7 Eccles Street;place;Ned Lambert;allusion
53.358819;-6.265908;7 Eccles Street;place;Tom Kernan;allusion
53.358819;-6.265908;7 Eccles Street;place;Joe Hynes;allusion
53.358819;-6.265908;7 Eccles Street;place;Jogn Menton;allusion
53.358819;-6.265908;7 Eccles Street;place;Bernard Corrigan;allusion
53.358819;-6.265908;7 Eccles Street;place;Patsy Dignam;allusion
53.358819;-6.265908;7 Eccles Street;place;Paddy Dignam;allusion
53.358819;-6.265908;7 Eccles Street;place;Leopold Bloom;allusion
53.358819;-6.265908;7 Eccles Street;place;Leopold Bloom;allusion
53.358819;-6.265908;7 Eccles Street;place;Percy Apjohn;allusion
53.358819;-6.265908;7 Eccles Street;place;Philip Gilligan;allusion
53.358819;-6.265908;7 Eccles Street;place;Matthew Kane;allusion
53.358819;-6.265908;7 Eccles Street;place;Philip Moisel;allusion
53.358819;-6.265908;7 Eccles Street;place;Michael Hart;allusion
53.358819;-6.265908;7 Eccles Street;place;Patrick Dignam;allusion
53.358819;-6.265908;7 Eccles Street;place;Luke Doyle;allusion
53.358819;-6.265908;7 Eccles Street;place;song;allusion
53.358819;-6.265908;7 Eccles Street;place;Graham Clifton Bingham;allusion
53.358819;-6.265908;7 Eccles Street;place;Leopold Bloom;allusion
53.358819;-6.265908;7 Eccles Street;place;Malachi Mulligan;allusion
53.358819;-6.265908;7 Eccles Street;place;Matthew Dillon;allusion
53.358819;-6.265908;7 Eccles Street;place;Luke Doyle;allusion
53.358819;-6.265908;7 Eccles Street;place;Caroline Doyle;allusion
53.358819;-6.265908;7 Eccles Street;place;John Hooper;allusion
53.358819;-6.265908;7 Eccles Street;place;Leopold Bloom;allusion
53.358819;-6.265908;7 Eccles Street;place;John Hooper;allusion
53.358819;-6.265908;7 Eccles Street;place;Luke Doyle;allusion
53.358819;-6.265908;7 Eccles Street;place;Caroline Doyle;allusion
53.358819;-6.265908;7 Eccles Street;place;book;allusion
53.358819;-6.265908;7 Eccles Street;place;book;allusion
53.358819;-6.265908;7 Eccles Street;place;book;allusion
53.358819;-6.265908;7 Eccles Street;place;book;allusion
53.358819;-6.265908;7 Eccles Street;place;book;allusion
53.358819;-6.265908;7 Eccles Street;place;book;allusion
53.358819;-6.265908;7 Eccles Street;place;book;allusion
53.358819;-6.265908;7 Eccles Street;place;book;allusion
53.358819;-6.265908;7 Eccles Street;place;William O'Brien;allusion
53.358819;-6.265908;7 Eccles Street;place;book;allusion
53.358819;-6.265908;7 Eccles Street;place;book;allusion
53.358819;-6.265908;7 Eccles Street;place;Robert Ball;allusion
53.358819;-6.265908;7 Eccles Street;place;book;allusion
53.358819;-6.265908;7 Eccles Street;place;book;allusion
53.358819;-6.265908;7 Eccles Street;place;Arthur Conan Doyle;allusion
53.358819;-6.265908;7 Eccles Street;place;book;allusion
53.358819;-6.265908;7 Eccles Street;place;book;allusion
53.358819;-6.265908;7 Eccles Street;place;book;allusion
53.358819;-6.265908;7 Eccles Street;place;book;allusion
53.358819;-6.265908;7 Eccles Street;place;Gustav Freytag;allusion
53.358819;-6.265908;7 Eccles Street;place;book;allusion
53.358819;-6.265908;7 Eccles Street;place;book;allusion
53.358819;-6.265908;7 Eccles Street;place;William Allingham;allusion
53.358819;-6.265908;7 Eccles Street;place;book;allusion
53.358819;-6.265908;7 Eccles Street;place;book;allusion
53.358819;-6.265908;7 Eccles Street;place;book;allusion
53.358819;-6.265908;7 Eccles Street;place;book;allusion
53.358819;-6.265908;7 Eccles Street;place;Eugen Sandow;allusion
53.358819;-6.265908;7 Eccles Street;place;book;allusion
53.358819;-6.265908;7 Eccles Street;place;John Harris;allusion
53.358819;-6.265908;7 Eccles Street;place;Charles Cox;allusion
53.358819;-6.265908;7 Eccles Street;place;Michael Gallagher;allusion
53.358819;-6.265908;7 Eccles Street;place;Michael Gallagher;allusion
53.358819;-6.265908;7 Eccles Street;place;book;allusion
53.358819;-6.265908;7 Eccles Street;place;Brian Tweedy;allusion
53.358819;-6.265908;7 Eccles Street;place;Greek Mythology;allusion
53.358819;-6.265908;7 Eccles Street;place;Emily Sinico;allusion
53.358819;-6.265908;7 Eccles Street;place;Sydney Parade;allusion
53.358819;-6.265908;7 Eccles Street;place;James Mackey;allusion
53.358819;-6.265908;7 Eccles Street;place;Percy Apjohn;allusion
53.358819;-6.265908;7 Eccles Street;place;Rudolf Virag;allusion
53.358819;-6.265908;7 Eccles Street;place;Rudolph Bloom;allusion
53.358819;-6.265908;7 Eccles Street;place;Daniel Magrane;allusion
53.358819;-6.265908;7 Eccles Street;place;Francis Wade;allusion
53.358819;-6.265908;7 Eccles Street;place;Charles Darwin;allusion
53.358819;-6.265908;7 Eccles Street;place;book;allusion
53.358819;-6.265908;7 Eccles Street;place;book;allusion
53.358819;-6.265908;7 Eccles Street;place;James Lalor;allusion
53.358819;-6.265908;7 Eccles Street;place;John Murray;allusion
53.358819;-6.265908;7 Eccles Street;place;John Mitchell;allusion
53.358819;-6.265908;7 Eccles Street;place;Michael Davitt;allusion
53.358819;-6.265908;7 Eccles Street;place;M.P. Charles Parnell;allusion
53.358819;-6.265908;7 Eccles Street;place;M.P. Willaim Gladstone;allusion
53.358819;-6.265908;7 Eccles Street;place;Millicent Bloom;allusion
53.358819;-6.265908;7 Eccles Street;place;British Monarchy;allusion
53.358819;-6.265908;7 Eccles Street;place;Leopold Bloom;allusion
53.358819;-6.265908;7 Eccles Street;place;Ellen Bloom;allusion
53.358819;-6.265908;7 Eccles Street;place;Rudolph Bloom;allusion
53.358819;-6.265908;7 Eccles Street;place;Martha Clifford;allusion
53.358819;-6.265908;7 Eccles Street;place;periodical;allusion
53.358819;-6.265908;7 Eccles Street;place;Alexandrina Victoria;allusion
53.358819;-6.265908;7 Eccles Street;place;Leopold Bloom;allusion
53.358819;-6.265908;7 Eccles Street;place;Henry Flower;allusion
53.358819;-6.265908;7 Eccles Street;place;Martha Clifford;allusion
53.358819;-6.265908;7 Eccles Street;place;Josephine Breen;allusion
53.358819;-6.265908;7 Eccles Street;place;Josie Powell;allusion
53.358819;-6.265908;7 Eccles Street;place;Leopold Bloom;allusion
53.358819;-6.265908;7 Eccles Street;place;Millicent Bloom;allusion
53.358819;-6.265908;7 Eccles Street;place;Rudolph Virag;allusion
53.358819;-6.265908;7 Eccles Street;place;Rudolph Bloom;allusion
53.358819;-6.265908;7 Eccles Street;place;Rudolph Bloom;allusion
53.358819;-6.265908;7 Eccles Street;place;Rudolph Bloom;allusion
53.358819;-6.265908;7 Eccles Street;place;Leopold Virag;allusion
53.358819;-6.265908;7 Eccles Street;place;Rudolph Bloom;allusion
53.358819;-6.265908;7 Eccles Street;place;Rudolph Bloom;allusion
53.358819;-6.265908;7 Eccles Street;place;Rudolph Bloom;allusion
53.358819;-6.265908;7 Eccles Street;place;Leopold Bloom;allusion
53.358819;-6.265908;7 Eccles Street;place;Austrian Monarchy;allusion
53.358819;-6.265908;7 Eccles Street;place;Leopold Bloom;allusion
53.358819;-6.265908;7 Eccles Street;place;star constellation;allusion
53.358819;-6.265908;7 Eccles Street;place;Greek Mythology;allusion
53.358819;-6.265908;7 Eccles Street;place;Moses of Egypt;allusion
53.358819;-6.265908;7 Eccles Street;place;play;allusion
53.358819;-6.265908;7 Eccles Street;place;Brian Tweedy;allusion
53.358819;-6.265908;7 Eccles Street;place;Brian Tweedy;allusion
53.358819;-6.265908;7 Eccles Street;place;Leopold Bloom;allusion
53.358819;-6.265908;7 Eccles Street;place;Julius Mastiansky;allusion
53.358819;-6.265908;7 Eccles Street;place;John Menton;allusion
53.358819;-6.265908;7 Eccles Street;place;Maggot O'Reilly;allusion
53.358819;-6.265908;7 Eccles Street;place;Matthew Dillon;allusion
53.358819;-6.265908;7 Eccles Street;place;Valentine Dillon;allusion
53.358819;-6.265908;7 Eccles Street;place;Christopher Callinan;allusion
53.358819;-6.265908;7 Eccles Street;place;Benjamin Dollard;allusion
53.358819;-6.265908;7 Eccles Street;place;Simon Dedalus;allusion
53.358819;-6.265908;7 Eccles Street;place;Andrew Burke;allusion
53.358819;-6.265908;7 Eccles Street;place;Joseph Cuffe;allusion
53.358819;-6.265908;7 Eccles Street;place;John Hooper;allusion
53.358819;-6.265908;7 Eccles Street;place;Francis Brady;allusion
53.358819;-6.265908;7 Eccles Street;place;Martha Clifford;allusion
53.358819;-6.265908;7 Eccles Street;place;Henry Flower;allusion
53.358819;-6.265908;7 Eccles Street;place;play;allusion
53.358819;-6.265908;7 Eccles Street;place;Stephen Dedalus;allusion
53.358819;-6.265908;7 Eccles Street;place;Simon Dedalus;allusion
53.358819;-6.265908;7 Eccles Street;place;Stephen Dedalus;allusion
53.358819;-6.265908;7 Eccles Street;place;Middle-Eastern literature;allusion
53.343145;-6.249902;6 Westland Row;place;Orientalism;allusion
53.343145;-6.249902;6 Westland Row;place;Catholicism;allusion
53.343145;-6.249902;6 Westland Row;place;Ceylon;allusion
53.343145;-6.249902;6 Westland Row;place;Italian;allusion
53.343145;-6.249902;6 Westland Row;place;French;allusion
53.343145;-6.249902;6 Westland Row;place;Percy Shelley;allusion
53.343145;-6.249902;6 Westland Row;place;death;allusion
53.343145;-6.249902;6 Westland Row;place;Archimedes;allusion
53.343145;-6.249902;6 Westland Row;place;Newton's Law;allusion
53.343145;-6.249902;6 Westland Row;place;Freeman's Journal;allusion
53.34312;-6.25097;49 Westland Row;place;Royal Dublin Fusiliers;allusion
53.34312;-6.25097;49 Westland Row;place;Royal Dublin Fusiliers;allusion
53.34312;-6.25097;49 Westland Row;place;Maud Gonne;allusion
53.34312;-6.25097;49 Westland Row;place;Arthur Griffith;allusion
53.34312;-6.25097;49 Westland Row;place;Edward VII;allusion
53.34312;-6.25097;49 Westland Row;place;Shakespeare;allusion
53.34322;-6.25082;31 Westland Row;place;Robert M. Adams;allusion
53.34322;-6.25082;31 Westland Row;place;proverb;allusion
53.34322;-6.25082;31 Westland Row;place;Thomas Moore;allusion
53.34322;-6.25082;31 Westland Row;place;fortune telling;allusion
53.34322;-6.25082;31 Westland Row;place;Mozart;allusion
53.34322;-6.25082;31 Westland Row;place;Catholicism;allusion
53.34351;-6.24995;Pearse Street;place;Edward VII;allusion
53.34351;-6.24995;Pearse Street;place;John Augustin Daly;allusion
53.34351;-6.24995;Pearse Street;place;Millicent Palmer;allusion
53.34351;-6.24995;Pearse Street;place;Shakespeare;allusion
53.34351;-6.24995;Pearse Street;place;Kate Bateman;allusion
53.34351;-6.24995;Pearse Street;place;Adelaide Ristori;allusion
53.34351;-6.24995;Pearse Street;place;Salomon Hermann Mosenhal;allusion
53.34351;-6.24995;Pearse Street;place;Leah the Forsaken;allusion
53.34511;-6.25791;153 Pearse Street;place;Christianity;allusion
53.34511;-6.25791;153 Pearse Street;place;Islam;allusion
53.34511;-6.25791;153 Pearse Street;place;kindergarten;allusion
53.34511;-6.25791;153 Pearse Street;place;florigraphy;allusion
53.34511;-6.25791;153 Pearse Street;place;Catholicism;allusion
53.33914;-6.28034;The Coombe;place;Christianity;allusion
53.33914;-6.28034;The Coombe;place;corruption;allusion
53.33914;-6.28034;The Coombe;place;Edward Cecil Guinness;allusion
53.33914;-6.28034;The Coombe;place;Sir Arthur Guinness;allusion
53.34248;-6.25105;46 Westland Row;place;Catholicism;allusion
53.34248;-6.25105;46 Westland Row;place;John Conmee S.J.;allusion
53.34248;-6.25105;46 Westland Row;place;Peter Claver;allusion
53.34248;-6.25105;46 Westland Row;place;Jesuits;allusion
53.34248;-6.25105;46 Westland Row;place;Wiliam Ewart Gladstone;allusion
53.34248;-6.25105;46 Westland Row;place;Rev. William J. Walsh;allusion
53.34248;-6.25105;46 Westland Row;place;Jesuits;allusion
53.34248;-6.25105;46 Westland Row;place;Bret Harte;allusion
53.34248;-6.25105;46 Westland Row;place;China;allusion
53.34248;-6.25105;46 Westland Row;place;China;allusion
53.34248;-6.25105;46 Westland Row;place;Pontius Pilate;allusion
53.34248;-6.25105;46 Westland Row;place;Saint Patrick;allusion
53.34248;-6.25105;46 Westland Row;place;Pope Pius X;allusion
53.34248;-6.25105;46 Westland Row;place;Rev. Charles Farrelley;allusion
53.34248;-6.25105;46 Westland Row;place;Jesuits;allusion
53.34248;-6.25105;46 Westland Row;place;Catholicism;allusion
53.34248;-6.25105;46 Westland Row;place;Christianity;allusion
53.34248;-6.25105;46 Westland Row;place;Judaism or Islam;allusion
53.34248;-6.25105;46 Westland Row;place;religious society;allusion
53.34248;-6.25105;46 Westland Row;place;Catholicism;allusion
53.34248;-6.25105;46 Westland Row;place;Catholicism;allusion
53.34248;-6.25105;46 Westland Row;place;Catholicism;allusion
53.34248;-6.25105;46 Westland Row;place;Judaism;allusion
53.34248;-6.25105;46 Westland Row;place;Catholicism;allusion
53.34248;-6.25105;46 Westland Row;place;charlatanism;allusion
53.34248;-6.25105;46 Westland Row;place;Christian pilgrimage;allusion
53.34248;-6.25105;46 Westland Row;place;Catholicism;allusion
53.34248;-6.25105;46 Westland Row;place;Fanny Crosby;allusion
53.34248;-6.25105;46 Westland Row;place;Jesus;allusion
53.34248;-6.25105;46 Westland Row;place;Jesus;allusion
53.34248;-6.25105;46 Westland Row;place;Gilbert and Sullivan;allusion
53.34248;-6.25105;46 Westland Row;place;Fenians;allusion
53.34248;-6.25105;46 Westland Row;place;James Carey;allusion
53.34248;-6.25105;46 Westland Row;place;Peter Claver;allusion
53.34248;-6.25105;46 Westland Row;place;Denis Carey;allusion
53.34248;-6.25105;46 Westland Row;place;Catholicism;allusion
53.34248;-6.25105;46 Westland Row;place;temperance beverage;allusion
53.34248;-6.25105;46 Westland Row;place;Catholicism;allusion
53.34248;-6.25105;46 Westland Row;place;Catholicism;allusion
53.34248;-6.25105;46 Westland Row;place;Catholicism;allusion
53.34248;-6.25105;46 Westland Row;place;Christianity;allusion
53.34248;-6.25105;46 Westland Row;place;Stabat Mater;allusion
53.34248;-6.25105;46 Westland Row;place;Giusseppe Saverio Raffaele;allusion
53.34248;-6.25105;46 Westland Row;place;Mozart;allusion
53.34248;-6.25105;46 Westland Row;place;Giovanni Pierluigi da Palestrina;allusion
53.34248;-6.25105;46 Westland Row;place;Catholicism;allusion
53.34248;-6.25105;46 Westland Row;place;Catholicism;allusion
53.34248;-6.25105;46 Westland Row;place;Catholicism;allusion
53.34248;-6.25105;46 Westland Row;place;prepubertal castration;allusion
53.34248;-6.25105;46 Westland Row;place;Catholicism;allusion
53.34248;-6.25105;46 Westland Row;place;Christianity;allusion
53.34248;-6.25105;46 Westland Row;place;Catholicism;allusion
53.34248;-6.25105;46 Westland Row;place;Catholicism;allusion
53.34248;-6.25105;46 Westland Row;place;Catholicism;allusion
53.34248;-6.25105;46 Westland Row;place;Rosenbach MS;allusion
53.34248;-6.25105;46 Westland Row;place;Catholicism;allusion
53.34248;-6.25105;46 Westland Row;place;Catholicism;allusion
53.34248;-6.25105;46 Westland Row;place;Catholicism;allusion
53.34248;-6.25105;46 Westland Row;place;Catholicism;allusion
53.34248;-6.25105;46 Westland Row;place;Catholicism;allusion
53.34248;-6.25105;46 Westland Row;place;Catholicism;allusion
53.34248;-6.25105;46 Westland Row;place;Shakespeare;allusion
53.34248;-6.25105;46 Westland Row;place;William T.C. Prescott;allusion
53.34141;-6.25188;1 Lincoln Place;place;apothecary;allusion
53.34141;-6.25188;1 Lincoln Place;place;Protestantism;allusion
53.34141;-6.25188;1 Lincoln Place;place;alchemy;allusion
53.34141;-6.25188;1 Lincoln Place;place;apothecary;allusion
53.34141;-6.25188;1 Lincoln Place;place;medicine;allusion
53.34141;-6.25188;1 Lincoln Place;place;chemistry;allusion
53.34141;-6.25188;1 Lincoln Place;place;medicine;allusion
53.34141;-6.25188;1 Lincoln Place;place;medicine;allusion
53.34141;-6.25188;1 Lincoln Place;place;Dr. Chase's Recipes or, Information for Everybody;allusion
53.34141;-6.25188;1 Lincoln Place;place;Prince Leopold;allusion
53.34141;-6.25188;1 Lincoln Place;place;horse racing;allusion
53.34045;-6.23779;Ringsend Road;place;disease;allusion
53.34045;-6.23779;Ringsend Road;place;disease;allusion
53.34045;-6.23779;Ringsend Road;place;novel;allusion
53.34045;-6.23779;Ringsend Road;place;novel;allusion
53.34045;-6.23779;Ringsend Road;place;news paper;allusion
53.34045;-6.23779;Ringsend Road;place;Christianity;allusion
53.34045;-6.23779;Ringsend Road;place;poem;allusion
53.34045;-6.23779;Ringsend Road;place;Irish;allusion
53.34045;-6.23779;Ringsend Road;place;opera;allusion
53.34045;-6.23779;Ringsend Road;place;operaCompany;allusion
53.33732;-6.25793;Hume Street;place;Italian;allusion
53.33732;-6.25793;Hume Street;place;Italian;allusion
53.33732;-6.25793;Hume Street;place;Italian;allusion
53.33732;-6.25793;Hume Street;place;family;allusion
53.33732;-6.25793;Hume Street;place;Christianity;allusion
53.33732;-6.25793;Hume Street;place;location;allusion
53.2490;-6.5726;Nelson's Pillar;place;person;allusion
53.2490;-6.5726;Nelson's Pillar;place;disease;allusion
53.2490;-6.5726;Nelson's Pillar;place;Christianity;allusion
53.2490;-6.5726;Nelson's Pillar;place;landmark;allusion
53.32361;-6.29002;Rutland Grove;place;Author;allusion
53.35544;-6.26765;Blessington Street;place;Raceway;allusion
53.35544;-6.26765;Blessington Street;place;Roman God;allusion
53.35704;-6.27106;Eccles street;place;Town;allusion
53.35704;-6.27106;Eccles street;place;city;allusion
53.35704;-6.27106;Eccles street;place;racing;allusion
53.35704;-6.27106;Eccles street;place;alcohol;allusion
53.35345;-6.28187;Phibsborough Road;place;Town;allusion
53.35345;-6.28187;Phibsborough Road;place;Town;allusion
53.36916;-6.28012;Finglas Road;place;murder victim;allusion
53.36916;-6.28012;Finglas Road;place;mountain;allusion
53.36916;-6.28012;Finglas Road;place;Hinduism;allusion
53.36916;-6.28012;Finglas Road;place;currency;allusion
53.36916;-6.28012;Finglas Road;place;person;allusion
53.36916;-6.28012;Finglas Road;place;Irish God;allusion
53.36916;-6.28012;Finglas Road;place;Christianity;allusion
53.36916;-6.28012;Finglas Road;place;person;allusion
53.36916;-6.28012;Finglas Road;place;saint;allusion
53.36916;-6.28012;Finglas Road;place;religion;allusion
53.36916;-6.28012;Finglas Road;place;Christianity;allusion
53.36916;-6.28012;Finglas Road;place;racial slur;allusion
53.36916;-6.28012;Finglas Road;place;Tragedy;allusion
53.36916;-6.28012;Finglas Road;place;Author;allusion
53.36916;-6.28012;Finglas Road;place;currency;allusion
53.36916;-6.28012;Finglas Road;place;Greek God;allusion
53.36916;-6.28012;Finglas Road;place;German;allusion
53.36916;-6.28012;Finglas Road;place;person;allusion
53.36916;-6.28012;Finglas Road;place;person;allusion
53.36916;-6.28012;Finglas Road;place;Novel;allusion
53.35568;-6.26023;Mountjoy Square;place;Catholicism;allusion
53.35568;-6.26023;Mountjoy Square;place;Catholicism;allusion
53.35568;-6.26023;Mountjoy Square;place;Cardinal Thomas Wolsey;allusion
53.35568;-6.26023;Mountjoy Square;place;David Sheehy;allusion
53.35568;-6.26023;Mountjoy Square;place;Jesuits;allusion
53.35568;-6.26023;Mountjoy Square;place;Bernard Vaughan;allusion
53.35568;-6.26023;Mountjoy Square;place;orientalism;allusion
53.35568;-6.26023;Mountjoy Square;place;Christianity;allusion
53.35568;-6.26023;Mountjoy Square;place;Rudyard Kipling;allusion
53.35568;-6.26023;Mountjoy Square;place;Jesuits;allusion
53.35749;-6.25721;Fitzgibbon Street;place;Charles Dickens;allusion
53.35749;-6.25721;Fitzgibbon Street;place;Mary Stuart;allusion
53.35929;-6.26262;North Circular Road;place;Protestantism;allusion
53.35929;-6.26262;North Circular Road;place;Catholicism;allusion
53.35443;-6.24785;N. Strand Road;place;Catholicism;allusion
53.36031;-6.24020;Annesley Bridge;place;Catholicism;allusion
53.36031;-6.24020;Annesley Bridge;place;Father A. Castelein S.J.;allusion
53.40295;-6.18389;Malahide Road;place;Gerald Griffin;allusion
53.40295;-6.18389;Malahide Road;place;Sir Richard Talbot of Malahide;allusion
53.40295;-6.18389;Malahide Road;place;Mary Rochfort;allusion
53.40295;-6.18389;Malahide Road;place;Catholicism;allusion
53.40295;-6.18389;Malahide Road;place;Catholicism;allusion
53.40295;-6.18389;Malahide Road;place;Catholicism;allusion
53.40295;-6.18389;Malahide Road;place;Christianity;allusion
53.40295;-6.18389;Malahide Road;place;Christianity;allusion
53.40295;-6.18389;Malahide Road;place;Christianity;allusion
53.35735;-6.26569;Dorset Street Lower;place;S.J. Arnold;allusion
53.35735;-6.26569;Dorset Street Lower;place;S.J. Arnold;allusion
53.35735;-6.26569;Dorset Street Lower;place;Onelegged Sailor;allusion
53.35735;-6.26569;Dorset Street Lower;place;Onelegged Sailor;allusion
53.35735;-6.26569;Dorset Street Lower;place;urchin;allusion
53.35735;-6.26569;Dorset Street Lower;place;Boody Dedalus;allusion
53.35735;-6.26569;Dorset Street Lower;place;Katey Dedalus;allusion
53.2957;-6.7293;Clongowes Fields;place;Katey Dedalus;allusion
53.2957;-6.7293;Clongowes Fields;place;Katey Dedalus;allusion
53.2957;-6.7293;Clongowes Fields;place;Maggy;allusion
53.2957;-6.7293;Clongowes Fields;place;Boody Dedalus;allusion
53.2957;-6.7293;Clongowes Fields;place;Katey Dedalus;allusion
53.2957;-6.7293;Clongowes Fields;place;Maggy;allusion
53.2957;-6.7293;Clongowes Fields;place;Katey Dedalus;allusion
53.2957;-6.7293;Clongowes Fields;place;Magg;allusion
53.2957;-6.7293;Clongowes Fields;place;Lacquey;allusion
53.2957;-6.7293;Clongowes Fields;place;Boody Dedalus;allusion
53.2957;-6.7293;Clongowes Fields;place;Katey Dedalus;allusion
53.2957;-6.7293;Clongowes Fields;place;Maggy;allusion
53.2957;-6.7293;Clongowes Fields;place;Boody Dedalus;allusion
53.2957;-6.7293;Clongowes Fields;place;Christianity;allusion
53.2957;-6.7293;Clongowes Fields;place;Bood Dedalus;allusion
53.2957;-6.7293;Clongowes Fields;place;Blazes Boylan;allusion
53.2957;-6.7293;Clongowes Fields;place;Blond Girl;allusion
53.2957;-6.7293;Clongowes Fields;place;Blazes Boylan;allusion
53.34394;-6.26083;Grafton Street;place;Blazes Boylan;allusion
53.34394;-6.26083;Grafton Street;place;Blond Girl;allusion
53.34394;-6.26083;Grafton Street;place;Blazes Boylan;allusion
53.34394;-6.26083;Grafton Street;place;Blond Girl;allusion
53.34394;-6.26083;Grafton Street;place;Blazes Boylan;allusion
53.34394;-6.26083;Grafton Street;place;Blond Girl;allusion
53.34394;-6.26083;Grafton Street;place;Blazes Boylan;allusion
53.34394;-6.26083;Grafton Street;place;Blazes Boylan;allusion
53.34394;-6.26083;Grafton Street;place;Blond Girl;allusion
53.34394;-6.26083;Grafton Street;place;Blazes Boylan;allusion
53.34394;-6.26083;Grafton Street;place;Stephen Dedalus;allusion
53.34394;-6.26083;Grafton Street;place;Oliver Goldsmith;allusion
53.34394;-6.26083;Grafton Street;place;Theobald Wolfe Tone;allusion
53.34394;-6.26083;Grafton Street;place;Marie Kendall;allusion
53.34394;-6.26083;Grafton Street;place;Miss Dunne;allusion
53.34394;-6.26083;Grafton Street;place;Miss Dunne;allusion
53.34412;-6.26078;College Green;place;Henry Grattan;allusion
53.34412;-6.26078;College Green;place;Charles Dickens;allusion
53.34412;-6.26078;College Green;place;Marian Halcombe;allusion
53.34412;-6.26078;College Green;place;Mary Cecil Haye;allusion
53.34412;-6.26078;College Green;place;King William III;allusion
53.34412;-6.26078;College Green;place;CW Murphy and Dan Lipton;allusion
53.34412;-6.26078;College Green;place;Trinity College Porters;allusion
53.34560;-6.27049;8 Ormond Quay Upper;place;Greek Mythology;allusion
53.34560;-6.27049;8 Ormond Quay Upper;place;St. Mary's Abbey;allusion
53.34560;-6.27049;8 Ormond Quay Upper;place;Bank of Ireland;allusion
53.34560;-6.27049;8 Ormond Quay Upper;place;Judaisim;allusion
53.34546;-6.26429;Merchant's Arch;place;Edward Fitzball;allusion
53.34471;-6.26830;Wellington Quay;place;Catholicism;allusion
53.34471;-6.26830;Wellington Quay;place;Charles Cameron;allusion
53.33357;-6.26640;42 Camden Street Lower;place;Michael William Balfe;allusion
53.33357;-6.26640;42 Camden Street Lower;place;Bible;allusion
53.33357;-6.26640;42 Camden Street Lower;place;Maria Monk;allusion
53.33357;-6.26640;42 Camden Street Lower;place;Aristotle;allusion
53.33357;-6.26640;42 Camden Street Lower;place;Sacher-Masoch;allusion
53.33357;-6.26640;42 Camden Street Lower;place;James Lovebirch;allusion
53.33357;-6.26640;42 Camden Street Lower;place;The Four Courts;allusion
53.34685;-6.26215;25 Bachelor's Walk;place;Lacquey;allusion
53.34685;-6.26215;25 Bachelor's Walk;place;Dilly;allusion
53.34685;-6.26215;25 Bachelor's Walk;place;Mr. Dedalus;allusion
53.34685;-6.26215;25 Bachelor's Walk;place;Mr. Dedalus;allusion
53.34685;-6.26215;25 Bachelor's Walk;place;Dilly;allusion
53.34685;-6.26215;25 Bachelor's Walk;place;Christianity;allusion
53.34685;-6.26215;25 Bachelor's Walk;place;St. Monica's Widow's Almshouse;allusion
53.34367;-6.26841;Dame Street;place;Henry James;allusion
53.34681;-6.26047;O'Connell Bridge;place;Bishop Berkeley;allusion
53.34681;-6.26047;O'Connell Bridge;place;Robert Emmet;allusion
53.34681;-6.26047;O'Connell Bridge;place;Catholicism;allusion
53.34315;-6.28995;Watling Street;place;Guinness;allusion
53.34315;-6.28995;Watling Street;place;John Milton;allusion
53.34315;-6.28995;Watling Street;place;Orientalism;allusion
53.34474;-6.28541;Island Street;place;Jonah Barrington;allusion
53.34474;-6.28541;Island Street;place;Lord Edward Fitzgerald;allusion
53.34474;-6.28541;Island Street;place;John Kells Ingram;allusion
53.34474;-6.28541;Island Street;place;The Croppy Boy;allusion
53.34528;-6.26184;Fleet Street;place;James Lane Allen;allusion
53.34528;-6.26184;Fleet Street;place;Matthew Arnold;allusion
53.34551;-6.26321;Bedford Row;place;Shakespeare;allusion
53.34551;-6.26321;Bedford Row;place;boxing;allusion
53.34551;-6.26321;Bedford Row;place;French of Abbe Mounin;allusion
53.34551;-6.26321;Bedford Row;place;Bible;allusion
53.34551;-6.26321;Bedford Row;place;Judaism;allusion
53.34551;-6.26321;Bedford Row;place;Bible;allusion
53.34675;-6.27069;Mary's Abbey;place;St. Mary's Abbey;allusion
53.34277;-6.27167;Christchurch Place;place;Matabele;allusion
53.34277;-6.27167;Christchurch Place;place;James Walshe;allusion
53.34334;-6.27031;Lord Edward Street;place;Christianity;allusion
53.34380;-6.27017;Parliament Street;place;Henry Clay;allusion
53.34380;-6.27017;Parliament Street;place;Roman senators;allusion
53.34380;-6.27017;Parliament Street;place;Giovanni Pietro Pinamonti;allusion
53.34380;-6.27017;Parliament Street;place;Knight Grand Cross of Royal Victorian Order;allusion
53.34353;-6.26467;33 Dame Street;place;Shakespeare;allusion
53.35699;-6.26924;Nelson Street;place;Swinburne;allusion
53.35699;-6.26924;Nelson Street;place;Swinburne;allusion
53.35699;-6.26924;Nelson Street;place;Julius P. Pokorny;allusion
53.35699;-6.26924;Nelson Street;place;Irish Mythology;allusion
53.34225;-6.26147;Wicklow Street;place;boxing;allusion
53.34225;-6.26147;Wicklow Street;place;Robert Fitzsimmons;allusion
53.34225;-6.26147;Wicklow Street;place;James John Corbett;allusion
53.34490;-6.27252;Ormond Quay Upper;place;English law;allusion
53.33548;-6.23933;Northumberland Road;place;Queen Victoria and Prince Albert;allusion
53.34762;-6.25679;Loopline Bridge;place;Roman God;allusion
53.34762;-6.25679;Loopline Bridge;place;playwright;allusion
53.34762;-6.25679;Loopline Bridge;place;class;allusion
53.34762;-6.25679;Loopline Bridge;place;professional;allusion
53.34762;-6.25679;Loopline Bridge;place;Christianity;allusion
53.34762;-6.25679;Loopline Bridge;place;alert;allusion
53.34762;-6.25679;Loopline Bridge;place;river;allusion
53.34762;-6.25679;Loopline Bridge;place;friar;allusion
53.34762;-6.25679;Loopline Bridge;place;Latin;allusion
53.34762;-6.25679;Loopline Bridge;place;settlement;allusion
53.34762;-6.25679;Loopline Bridge;place;storyteller;allusion
53.34762;-6.25679;Loopline Bridge;place;crustacean;allusion
53.34762;-6.25679;Loopline Bridge;place;district;allusion
53.34762;-6.25679;Loopline Bridge;place;district;allusion
53.34762;-6.25679;Loopline Bridge;place;Italian;allusion
53.34762;-6.25679;Loopline Bridge;place;Italian;allusion
53.34762;-6.25679;Loopline Bridge;place;Italian;allusion
53.34762;-6.25679;Loopline Bridge;place;Italian;allusion
53.34762;-6.25679;Loopline Bridge;place;Italian;allusion
53.34762;-6.25679;Loopline Bridge;place;Italian;allusion
53.34762;-6.25679;Loopline Bridge;place;legend;allusion
53.34762;-6.25679;Loopline Bridge;place;masses;allusion
53.34762;-6.25679;Loopline Bridge;place;Italian;allusion
53.34762;-6.25679;Loopline Bridge;place;Italian;allusion
53.34762;-6.25679;Loopline Bridge;place;conversation;allusion
53.34762;-6.25679;Loopline Bridge;place;Roman Emperor;allusion
53.34762;-6.25679;Loopline Bridge;place;English;allusion
53.34762;-6.25679;Loopline Bridge;place;French;allusion
53.34762;-6.25679;Loopline Bridge;place;Circus;allusion
53.34762;-6.25679;Loopline Bridge;place;Myth;allusion
53.34762;-6.25679;Loopline Bridge;place;Poem;allusion
53.34762;-6.25679;Loopline Bridge;place;Short Story;allusion
53.34762;-6.25679;Loopline Bridge;place;Island;allusion
53.34762;-6.25679;Loopline Bridge;place;Islands;allusion
53.34762;-6.25679;Loopline Bridge;place;Latin;allusion
53.34762;-6.25679;Loopline Bridge;place;Dinosaur;allusion
53.34762;-6.25679;Loopline Bridge;place;Bolivian;allusion
53.34762;-6.25679;Loopline Bridge;place;group;allusion
53.34762;-6.25679;Loopline Bridge;place;Chilean;allusion
53.34762;-6.25679;Loopline Bridge;place;Italian;allusion
53.34762;-6.25679;Loopline Bridge;place;Sea Route;allusion
53.34762;-6.25679;Loopline Bridge;place;person;allusion
53.34762;-6.25679;Loopline Bridge;place;person;allusion
53.34762;-6.25679;Loopline Bridge;place;person;allusion
53.34762;-6.25679;Loopline Bridge;place;saying;allusion
53.34762;-6.25679;Loopline Bridge;place;Landmark;allusion
53.34762;-6.25679;Loopline Bridge;place;Roman God;allusion
53.34762;-6.25679;Loopline Bridge;place;styled;allusion
53.34762;-6.25679;Loopline Bridge;place;Island;allusion
53.34762;-6.25679;Loopline Bridge;place;Roman;allusion
53.34762;-6.25679;Loopline Bridge;place;reference;allusion
53.34762;-6.25679;Loopline Bridge;place;Greek;allusion
53.34762;-6.25679;Loopline Bridge;place;Novel;allusion
53.34762;-6.25679;Loopline Bridge;place;Royalty;allusion
53.34762;-6.25679;Loopline Bridge;place;Myth;allusion
53.34762;-6.25679;Loopline Bridge;place;saying;allusion
53.34762;-6.25679;Loopline Bridge;place;person;allusion
53.34762;-6.25679;Loopline Bridge;place;landmark;allusion
53.34762;-6.25679;Loopline Bridge;place;God;allusion
53.34762;-6.25679;Loopline Bridge;place;currency;allusion
53.34762;-6.25679;Loopline Bridge;place;Songverse;allusion
53.34762;-6.25679;Loopline Bridge;place;saying;allusion
53.34762;-6.25679;Loopline Bridge;place;Latin;allusion
53.34762;-6.25679;Loopline Bridge;place;Saint;allusion
53.34762;-6.25679;Loopline Bridge;place;Novel;allusion
53.34762;-6.25679;Loopline Bridge;place;saying;allusion
53.34762;-6.25679;Loopline Bridge;place;Novel;allusion
53.34762;-6.25679;Loopline Bridge;place;Novel;allusion
53.34762;-6.25679;Loopline Bridge;place;Italian;allusion
53.34762;-6.25679;Loopline Bridge;place;Italain;allusion
53.34762;-6.25679;Loopline Bridge;place;Novel;allusion
53.34762;-6.25679;Loopline Bridge;place;German Song;allusion
53.34762;-6.25679;Loopline Bridge;place;German Song;allusion
53.34762;-6.25679;Loopline Bridge;place;German;allusion
53.34762;-6.25679;Loopline Bridge;place;conversation;allusion
53.28796;-6.11577;Sandycove;place;Catholic Mass;allusion
53.28796;-6.11577;Sandycove;place;religious group;allusion
53.28796;-6.11577;Sandycove;place;Saint;allusion
53.28796;-6.11577;Sandycove;place;Greek;allusion
53.28796;-6.11577;Sandycove;place;Greek;allusion
53.28796;-6.11577;Sandycove;place;Religious Group;allusion
53.28796;-6.11577;Sandycove;place;ethnicity;allusion
53.28796;-6.11577;Sandycove;place;place;allusion
53.28796;-6.11577;Sandycove;place;place;allusion
53.28796;-6.11577;Sandycove;place;Greek;allusion
53.28796;-6.11577;Sandycove;place;Race of Giants;allusion
53.28796;-6.11577;Sandycove;place;low life;allusion
53.28796;-6.11577;Sandycove;place;African Tribe;allusion
53.28796;-6.11577;Sandycove;place;person;allusion
53.28796;-6.11577;Sandycove;place;Oscar Wilde;allusion
53.28796;-6.11577;Sandycove;place;religion;allusion
53.28796;-6.11577;Sandycove;place;artifact;allusion
53.28796;-6.11577;Sandycove;place;Religious Group;allusion
53.28796;-6.11577;Sandycove;place;Mute;allusion
53.28796;-6.11577;Sandycove;place;English;allusion
53.28796;-6.11577;Sandycove;place;poem;allusion
53.28796;-6.11577;Sandycove;place;poem;allusion
53.28796;-6.11577;Sandycove;place;Christianity;allusion
53.28796;-6.11577;Sandycove;place;song;allusion
53.28796;-6.11577;Sandycove;place;Trinitarian Forumla;allusion
53.28796;-6.11577;Sandycove;place;Roman God;allusion
53.28796;-6.11577;Sandycove;place;suburb;allusion
53.28796;-6.11577;Sandycove;place;currency;allusion
53.28796;-6.11577;Sandycove;place;currency;allusion
53.28796;-6.11577;Sandycove;place;tragedy;allusion
53.28796;-6.11577;Sandycove;place;nickname;allusion
53.28796;-6.11577;Sandycove;place;currency;allusion
53.28796;-6.11577;Sandycove;place;artifact;allusion
53.28796;-6.11577;Sandycove;place;author;allusion
53.28796;-6.11577;Sandycove;place;tragedy;allusion
53.28796;-6.11577;Sandycove;place;prayer;allusion
53.28796;-6.11577;Sandycove;place;god;allusion
53.28796;-6.11577;Sandycove;place;saint;allusion
53.28796;-6.11577;Sandycove;place;French;allusion
53.28796;-6.11577;Sandycove;place;German;allusion
53.28796;-6.11577;Sandycove;place;Prohet;allusion
53.28796;-6.11577;Sandycove;place;poem;allusion