Arcane Lake	runeName	Arcane	1	Arcane Lake	runeName
Arcane Lake	runeName	Arcane	1	Deep Sea	runeName
Arcane Lake	runeName	Arcane	1	Oedon Writhe	runeName
Arcane Lake	runeName	Arcane	1	Saw Cleaver	weaponName
Beast	runeName	Beast	5	Beast	runeName
Beast	runeName	Beast	5	Beast's Embrace	runeName
Beast	runeName	Beast	5	Clawmark	runeName
Beast	runeName	Beast	5	Communion	runeName
Beast	runeName	Beast	5	Heir	runeName
Beast	runeName	Beast	5	Milkweed	runeName
Beast	runeName	Beast	5	Amygdalan Arm 	weaponName
Beast	runeName	Beast	5	Beast Claw	weaponName
Beast	runeName	Beast	5	Beasthunter Saif	weaponName
Beast	runeName	Beast	5	Boom Hammer	weaponName
Beast	runeName	Beast	5	Hunter Axe	weaponName
Beast	runeName	Beast	5	Kos Parasite	weaponName
Beast	runeName	Beast	5	Saw Cleaver	weaponName
Beast	runeName	Beast	5	Tonitrus	weaponName
Beast	runeName	Beast	5	Whirligig Saw	weaponName
Beast	runeName	Beast	5	Flamesprayer	firearmName
Beast	runeName	Beast	5	Gatling Gun	firearmName
Beast	runeName	Beast	5	Hunter's Torch	firearmName
Beast	runeName	Beast	5	Ludwig's Rifle	firearmName
Beast's Embrace	runeName	Beast	5	Beast	runeName
Beast's Embrace	runeName	Beast	5	Beast's Embrace	runeName
Beast's Embrace	runeName	Beast	5	Clawmark	runeName
Beast's Embrace	runeName	Beast	5	Communion	runeName
Beast's Embrace	runeName	Beast	5	Heir	runeName
Beast's Embrace	runeName	Beast	5	Milkweed	runeName
Beast's Embrace	runeName	Beast	5	Amygdalan Arm 	weaponName
Beast's Embrace	runeName	Beast	5	Beast Claw	weaponName
Beast's Embrace	runeName	Beast	5	Beasthunter Saif	weaponName
Beast's Embrace	runeName	Beast	5	Boom Hammer	weaponName
Beast's Embrace	runeName	Beast	5	Hunter Axe	weaponName
Beast's Embrace	runeName	Beast	5	Kos Parasite	weaponName
Beast's Embrace	runeName	Beast	5	Saw Cleaver	weaponName
Beast's Embrace	runeName	Beast	5	Tonitrus	weaponName
Beast's Embrace	runeName	Beast	5	Whirligig Saw	weaponName
Beast's Embrace	runeName	Beast	5	Flamesprayer	firearmName
Beast's Embrace	runeName	Beast	5	Gatling Gun	firearmName
Beast's Embrace	runeName	Beast	5	Hunter's Torch	firearmName
Beast's Embrace	runeName	Beast	5	Ludwig's Rifle	firearmName
Beast Claw	weaponName	Beast	5	Beast	runeName
Beast Claw	weaponName	Beast	5	Beast's Embrace	runeName
Beast Claw	weaponName	Beast	5	Clawmark	runeName
Beast Claw	weaponName	Beast	5	Communion	runeName
Beast Claw	weaponName	Beast	5	Heir	runeName
Beast Claw	weaponName	Beast	5	Milkweed	runeName
Beast Claw	weaponName	Beast	5	Amygdalan Arm 	weaponName
Beast Claw	weaponName	Beast	5	Beast Claw	weaponName
Beast Claw	weaponName	Beast	5	Beasthunter Saif	weaponName
Beast Claw	weaponName	Beast	5	Boom Hammer	weaponName
Beast Claw	weaponName	Beast	5	Hunter Axe	weaponName
Beast Claw	weaponName	Beast	5	Kos Parasite	weaponName
Beast Claw	weaponName	Beast	5	Saw Cleaver	weaponName
Beast Claw	weaponName	Beast	5	Tonitrus	weaponName
Beast Claw	weaponName	Beast	5	Whirligig Saw	weaponName
Beast Claw	weaponName	Beast	5	Flamesprayer	firearmName
Beast Claw	weaponName	Beast	5	Gatling Gun	firearmName
Beast Claw	weaponName	Beast	5	Hunter's Torch	firearmName
Beast Claw	weaponName	Beast	5	Ludwig's Rifle	firearmName
Beasthunter Saif	weaponName	Beast	5	Beast	runeName
Beasthunter Saif	weaponName	Beast	5	Beast's Embrace	runeName
Beasthunter Saif	weaponName	Beast	5	Clawmark	runeName
Beasthunter Saif	weaponName	Beast	5	Communion	runeName
Beasthunter Saif	weaponName	Beast	5	Heir	runeName
Beasthunter Saif	weaponName	Beast	5	Milkweed	runeName
Beasthunter Saif	weaponName	Beast	5	Amygdalan Arm 	weaponName
Beasthunter Saif	weaponName	Beast	5	Beast Claw	weaponName
Beasthunter Saif	weaponName	Beast	5	Beasthunter Saif	weaponName
Beasthunter Saif	weaponName	Beast	5	Boom Hammer	weaponName
Beasthunter Saif	weaponName	Beast	5	Hunter Axe	weaponName
Beasthunter Saif	weaponName	Beast	5	Kos Parasite	weaponName
Beasthunter Saif	weaponName	Beast	5	Saw Cleaver	weaponName
Beasthunter Saif	weaponName	Beast	5	Tonitrus	weaponName
Beasthunter Saif	weaponName	Beast	5	Whirligig Saw	weaponName
Beasthunter Saif	weaponName	Beast	5	Flamesprayer	firearmName
Beasthunter Saif	weaponName	Beast	5	Gatling Gun	firearmName
Beasthunter Saif	weaponName	Beast	5	Hunter's Torch	firearmName
Beasthunter Saif	weaponName	Beast	5	Ludwig's Rifle	firearmName
Beast Cutter	weaponName	Beast	5	Beast	runeName
Beast Cutter	weaponName	Beast	5	Beast's Embrace	runeName
Beast Cutter	weaponName	Beast	5	Clawmark	runeName
Beast Cutter	weaponName	Beast	5	Communion	runeName
Beast Cutter	weaponName	Beast	5	Heir	runeName
Beast Cutter	weaponName	Beast	5	Milkweed	runeName
Beast Cutter	weaponName	Beast	5	Amygdalan Arm 	weaponName
Beast Cutter	weaponName	Beast	5	Beast Claw	weaponName
Beast Cutter	weaponName	Beast	5	Beasthunter Saif	weaponName
Beast Cutter	weaponName	Beast	5	Boom Hammer	weaponName
Beast Cutter	weaponName	Beast	5	Hunter Axe	weaponName
Beast Cutter	weaponName	Beast	5	Kos Parasite	weaponName
Beast Cutter	weaponName	Beast	5	Saw Cleaver	weaponName
Beast Cutter	weaponName	Beast	5	Tonitrus	weaponName
Beast Cutter	weaponName	Beast	5	Whirligig Saw	weaponName
Beast Cutter	weaponName	Beast	5	Flamesprayer	firearmName
Beast Cutter	weaponName	Beast	5	Gatling Gun	firearmName
Beast Cutter	weaponName	Beast	5	Hunter's Torch	firearmName
Beast Cutter	weaponName	Beast	5	Ludwig's Rifle	firearmName
Blood Rapture	runeName	Blood	2	Beast	runeName
Blood Rapture	runeName	Blood	2	Blood Rapture	runeName
Blood Rapture	runeName	Blood	2	Communion	runeName
Blood Rapture	runeName	Blood	2	Corruption	runeName
Blood Rapture	runeName	Blood	2	Eye	runeName
Blood Rapture	runeName	Blood	2	Formless Oedon	runeName
Blood Rapture	runeName	Blood	2	Heir	runeName
Blood Rapture	runeName	Blood	2	Hunter	runeName
Blood Rapture	runeName	Blood	2	Moon	runeName
Blood Rapture	runeName	Blood	2	Oedon Writhe	runeName
Blood Rapture	runeName	Blood	2	Amygdalan Arm 	weaponName
Blood Rapture	runeName	Blood	2	Beasthunter Saif	weaponName
Blood Rapture	runeName	Blood	2	Bloodletter	weaponName
Blood Rapture	runeName	Blood	2	Burial Blade	weaponName
Blood Rapture	runeName	Blood	2	Chikage	weaponName
Blood Rapture	runeName	Blood	2	Hunter Axe	weaponName
Blood Rapture	runeName	Blood	2	Kirkhammer	weaponName
Blood Rapture	runeName	Blood	2	Kos Parasite	weaponName
Blood Rapture	runeName	Blood	2	Logarius's Wheel	weaponName
Blood Rapture	runeName	Blood	2	Ludwig's Holy Blade	weaponName
Blood Rapture	runeName	Blood	2	Saw Cleaver	weaponName
Blood Rapture	runeName	Blood	2	Saw Spear	weaponName
Blood Rapture	runeName	Blood	2	Simon's Bowblade	weaponName
Blood Rapture	runeName	Blood	2	Stake Driver	weaponName
Blood Rapture	runeName	Blood	2	Threaded Cane	weaponName
Blood Rapture	runeName	Blood	2	Flamesprayer	firearmName
Blood Rapture	runeName	Blood	2	Gatling Gun	firearmName
Blood Rapture	runeName	Blood	2	Hunter Pistol	firearmName
Blood Rapture	runeName	Blood	2	Hunter's Torch	firearmName
Blood Rapture	runeName	Blood	2	Loch Shield	firearmName
Blood Rapture	runeName	Blood	2	Ludwig's Rifle	firearmName
Blood Rapture	runeName	Blood	2	Repeating Pistol	firearmName
Blood Rapture	runeName	Blood	2	Rosmarinus	firearmName
Bloodletter	weaponName	Blood	2	Beast	runeName
Bloodletter	weaponName	Blood	2	Blood Rapture	runeName
Bloodletter	weaponName	Blood	2	Communion	runeName
Bloodletter	weaponName	Blood	2	Corruption	runeName
Bloodletter	weaponName	Blood	2	Eye	runeName
Bloodletter	weaponName	Blood	2	Formless Oedon	runeName
Bloodletter	weaponName	Blood	2	Heir	runeName
Bloodletter	weaponName	Blood	2	Hunter	runeName
Bloodletter	weaponName	Blood	2	Moon	runeName
Bloodletter	weaponName	Blood	2	Oedon Writhe	runeName
Bloodletter	weaponName	Blood	2	Amygdalan Arm 	weaponName
Bloodletter	weaponName	Blood	2	Beasthunter Saif	weaponName
Bloodletter	weaponName	Blood	2	Bloodletter	weaponName
Bloodletter	weaponName	Blood	2	Burial Blade	weaponName
Bloodletter	weaponName	Blood	2	Chikage	weaponName
Bloodletter	weaponName	Blood	2	Hunter Axe	weaponName
Bloodletter	weaponName	Blood	2	Kirkhammer	weaponName
Bloodletter	weaponName	Blood	2	Kos Parasite	weaponName
Bloodletter	weaponName	Blood	2	Logarius's Wheel	weaponName
Bloodletter	weaponName	Blood	2	Ludwig's Holy Blade	weaponName
Bloodletter	weaponName	Blood	2	Saw Cleaver	weaponName
Bloodletter	weaponName	Blood	2	Saw Spear	weaponName
Bloodletter	weaponName	Blood	2	Simon's Bowblade	weaponName
Bloodletter	weaponName	Blood	2	Stake Driver	weaponName
Bloodletter	weaponName	Blood	2	Threaded Cane	weaponName
Bloodletter	weaponName	Blood	2	Flamesprayer	firearmName
Bloodletter	weaponName	Blood	2	Gatling Gun	firearmName
Bloodletter	weaponName	Blood	2	Hunter Pistol	firearmName
Bloodletter	weaponName	Blood	2	Hunter's Torch	firearmName
Bloodletter	weaponName	Blood	2	Loch Shield	firearmName
Bloodletter	weaponName	Blood	2	Ludwig's Rifle	firearmName
Bloodletter	weaponName	Blood	2	Repeating Pistol	firearmName
Bloodletter	weaponName	Blood	2	Rosmarinus	firearmName
Clawmark	runeName	Clawmark	1	Clawmark	runeName
Clear Deep Sea	runeName	Clear	1	Clear Deep Sea	runeName
Anti-Clockwise Metamorphosis	runeName	Clockwise	2	Oedon Writhe	runeName
Clockwise Metamorphosis	runeName	Clockwise	2	Oedon Writhe	runeName
Communion	runeName	Communion	1	Communion	runeName
Communion	runeName	Communion	1	Formless Oedon	runeName
Communion	runeName	Communion	1	Lake	runeName
Corruption	runeName	Corruption	1	Corruption	runeName
Corruption	runeName	Corruption	1	Radiance	runeName
Clear Deep Sea	runeName	Deep	4	Arcane Lake	runeName
Clear Deep Sea	runeName	Deep	4	Clear Deep Sea	runeName
Clear Deep Sea	runeName	Deep	4	Deep Sea	runeName
Clear Deep Sea	runeName	Deep	4	Great Deep Sea	runeName
Clear Deep Sea	runeName	Deep	4	Stunning Deep Sea	runeName
Deep Sea	runeName	Deep	4	Arcane Lake	runeName
Deep Sea	runeName	Deep	4	Clear Deep Sea	runeName
Deep Sea	runeName	Deep	4	Deep Sea	runeName
Deep Sea	runeName	Deep	4	Great Deep Sea	runeName
Deep Sea	runeName	Deep	4	Stunning Deep Sea	runeName
Great Deep Sea	runeName	Deep	4	Arcane Lake	runeName
Great Deep Sea	runeName	Deep	4	Clear Deep Sea	runeName
Great Deep Sea	runeName	Deep	4	Deep Sea	runeName
Great Deep Sea	runeName	Deep	4	Great Deep Sea	runeName
Great Deep Sea	runeName	Deep	4	Stunning Deep Sea	runeName
Stunning Deep Sea	runeName	Deep	4	Arcane Lake	runeName
Stunning Deep Sea	runeName	Deep	4	Clear Deep Sea	runeName
Stunning Deep Sea	runeName	Deep	4	Deep Sea	runeName
Stunning Deep Sea	runeName	Deep	4	Great Deep Sea	runeName
Stunning Deep Sea	runeName	Deep	4	Stunning Deep Sea	runeName
Dissipating Lake	runeName	Dissipating	1	Dissipating Lake	runeName
Eye	runeName	Eye	1	Eye	runeName
Eye	runeName	Eye	1	Church Cannon	firearmName
Eye	runeName	Eye	1	Rosmarinus	firearmName
Fading Lake	runeName	Fading	1	Dissipating Lake	runeName
Fading Lake	runeName	Fading	1	Fading Lake	runeName
Formless Oedon	runeName	Formless	1	Communion	runeName
Great Deep Sea	runeName	Great	2	Arcane Lake	runeName
Great Deep Sea	runeName	Great	2	Clear Deep Sea	runeName
Great Deep Sea	runeName	Great	2	Deep Sea	runeName
Great Deep Sea	runeName	Great	2	Dissipating Lake	runeName
Great Deep Sea	runeName	Great	2	Eye	runeName
Great Deep Sea	runeName	Great	2	Fading Lake	runeName
Great Deep Sea	runeName	Great	2	Formless Oedon	runeName
Great Deep Sea	runeName	Great	2	Great Deep Sea	runeName
Great Deep Sea	runeName	Great	2	Great Lake	runeName
Great Deep Sea	runeName	Great	2	Lake	runeName
Great Deep Sea	runeName	Great	2	Moon	runeName
Great Deep Sea	runeName	Great	2	Oedon Writhe	runeName
Great Deep Sea	runeName	Great	2	Stunning Deep Sea	runeName
Great Deep Sea	runeName	Great	2	Amygdalan Arm 	weaponName
Great Deep Sea	runeName	Great	2	Holy Moonlight Sword	weaponName
Great Deep Sea	runeName	Great	2	Ludwig's Holy Blade	weaponName
Great Lake	runeName	Great	2	Arcane Lake	runeName
Great Lake	runeName	Great	2	Clear Deep Sea	runeName
Great Lake	runeName	Great	2	Deep Sea	runeName
Great Lake	runeName	Great	2	Dissipating Lake	runeName
Great Lake	runeName	Great	2	Eye	runeName
Great Lake	runeName	Great	2	Fading Lake	runeName
Great Lake	runeName	Great	2	Formless Oedon	runeName
Great Lake	runeName	Great	2	Great Deep Sea	runeName
Great Lake	runeName	Great	2	Great Lake	runeName
Great Lake	runeName	Great	2	Lake	runeName
Great Lake	runeName	Great	2	Moon	runeName
Great Lake	runeName	Great	2	Oedon Writhe	runeName
Great Lake	runeName	Great	2	Stunning Deep Sea	runeName
Great Lake	runeName	Great	2	Amygdalan Arm 	weaponName
Great Lake	runeName	Great	2	Holy Moonlight Sword	weaponName
Great Lake	runeName	Great	2	Ludwig's Holy Blade	weaponName
Heir	runeName	Heir	1	Heir	runeName
Hunter	runeName	Hunter	5	Beast's Embrace	runeName
Hunter	runeName	Hunter	5	Corruption	runeName
Hunter	runeName	Hunter	5	Hunter	runeName
Hunter	runeName	Hunter	5	Amygdalan Arm 	weaponName
Hunter	runeName	Hunter	5	Beast Claw	weaponName
Hunter	runeName	Hunter	5	Beasthunter Saif	weaponName
Hunter	runeName	Hunter	5	Beast Cutter	weaponName
Hunter	runeName	Hunter	5	Blade of mercy	weaponName
Hunter	runeName	Hunter	5	Boom Hammer	weaponName
Hunter	runeName	Hunter	5	Burial Blade	weaponName
Hunter	runeName	Hunter	5	Church Pick	weaponName
Hunter	runeName	Hunter	5	Holy Moonlight Sword	weaponName
Hunter	runeName	Hunter	5	Hunter Axe	weaponName
Hunter	runeName	Hunter	5	Kirkhammer	weaponName
Hunter	runeName	Hunter	5	Logarius's Wheel	weaponName
Hunter	runeName	Hunter	5	Ludwig's Holy Blade	weaponName
Hunter	runeName	Hunter	5	Rakuyo	weaponName
Hunter	runeName	Hunter	5	Rifle Spear	weaponName
Hunter	runeName	Hunter	5	Saw Cleaver	weaponName
Hunter	runeName	Hunter	5	Saw Spear	weaponName
Hunter	runeName	Hunter	5	Simon's Bowblade	weaponName
Hunter	runeName	Hunter	5	Stake Driver	weaponName
Hunter	runeName	Hunter	5	Threaded Cane	weaponName
Hunter	runeName	Hunter	5	Tonitrus	weaponName
Hunter	runeName	Hunter	5	Whirligig Saw	weaponName
Hunter	runeName	Hunter	5	Cannon	firearmName
Hunter	runeName	Hunter	5	Fist of Gratia	firearmName
Hunter	runeName	Hunter	5	Flamesprayer	firearmName
Hunter	runeName	Hunter	5	Gatling Gun	firearmName
Hunter	runeName	Hunter	5	Hunter Blunderbuss	firearmName
Hunter	runeName	Hunter	5	Hunter Pistol	firearmName
Hunter	runeName	Hunter	5	Hunter's Torch	firearmName
Hunter	runeName	Hunter	5	Loch Shield	firearmName
Hunter	runeName	Hunter	5	Ludwig's Rifle	firearmName
Hunter	runeName	Hunter	5	Repeating Pistol	firearmName
Hunter	runeName	Hunter	5	Torch	firearmName
Hunter	runeName	Hunter	5	Wooden Shield	firearmName
Hunter Axe	weaponName	Hunter	5	Beast's Embrace	runeName
Hunter Axe	weaponName	Hunter	5	Corruption	runeName
Hunter Axe	weaponName	Hunter	5	Hunter	runeName
Hunter Axe	weaponName	Hunter	5	Amygdalan Arm 	weaponName
Hunter Axe	weaponName	Hunter	5	Beast Claw	weaponName
Hunter Axe	weaponName	Hunter	5	Beasthunter Saif	weaponName
Hunter Axe	weaponName	Hunter	5	Beast Cutter	weaponName
Hunter Axe	weaponName	Hunter	5	Blade of mercy	weaponName
Hunter Axe	weaponName	Hunter	5	Boom Hammer	weaponName
Hunter Axe	weaponName	Hunter	5	Burial Blade	weaponName
Hunter Axe	weaponName	Hunter	5	Church Pick	weaponName
Hunter Axe	weaponName	Hunter	5	Holy Moonlight Sword	weaponName
Hunter Axe	weaponName	Hunter	5	Hunter Axe	weaponName
Hunter Axe	weaponName	Hunter	5	Kirkhammer	weaponName
Hunter Axe	weaponName	Hunter	5	Logarius's Wheel	weaponName
Hunter Axe	weaponName	Hunter	5	Ludwig's Holy Blade	weaponName
Hunter Axe	weaponName	Hunter	5	Rakuyo	weaponName
Hunter Axe	weaponName	Hunter	5	Rifle Spear	weaponName
Hunter Axe	weaponName	Hunter	5	Saw Cleaver	weaponName
Hunter Axe	weaponName	Hunter	5	Saw Spear	weaponName
Hunter Axe	weaponName	Hunter	5	Simon's Bowblade	weaponName
Hunter Axe	weaponName	Hunter	5	Stake Driver	weaponName
Hunter Axe	weaponName	Hunter	5	Threaded Cane	weaponName
Hunter Axe	weaponName	Hunter	5	Tonitrus	weaponName
Hunter Axe	weaponName	Hunter	5	Whirligig Saw	weaponName
Hunter Axe	weaponName	Hunter	5	Cannon	firearmName
Hunter Axe	weaponName	Hunter	5	Fist of Gratia	firearmName
Hunter Axe	weaponName	Hunter	5	Flamesprayer	firearmName
Hunter Axe	weaponName	Hunter	5	Gatling Gun	firearmName
Hunter Axe	weaponName	Hunter	5	Hunter Blunderbuss	firearmName
Hunter Axe	weaponName	Hunter	5	Hunter Pistol	firearmName
Hunter Axe	weaponName	Hunter	5	Hunter's Torch	firearmName
Hunter Axe	weaponName	Hunter	5	Loch Shield	firearmName
Hunter Axe	weaponName	Hunter	5	Ludwig's Rifle	firearmName
Hunter Axe	weaponName	Hunter	5	Repeating Pistol	firearmName
Hunter Axe	weaponName	Hunter	5	Torch	firearmName
Hunter Axe	weaponName	Hunter	5	Wooden Shield	firearmName
Hunter Blunderbuss	firearmName	Hunter	5	Beast's Embrace	runeName
Hunter Blunderbuss	firearmName	Hunter	5	Corruption	runeName
Hunter Blunderbuss	firearmName	Hunter	5	Hunter	runeName
Hunter Blunderbuss	firearmName	Hunter	5	Amygdalan Arm 	weaponName
Hunter Blunderbuss	firearmName	Hunter	5	Beast Claw	weaponName
Hunter Blunderbuss	firearmName	Hunter	5	Beasthunter Saif	weaponName
Hunter Blunderbuss	firearmName	Hunter	5	Beast Cutter	weaponName
Hunter Blunderbuss	firearmName	Hunter	5	Blade of mercy	weaponName
Hunter Blunderbuss	firearmName	Hunter	5	Boom Hammer	weaponName
Hunter Blunderbuss	firearmName	Hunter	5	Burial Blade	weaponName
Hunter Blunderbuss	firearmName	Hunter	5	Church Pick	weaponName
Hunter Blunderbuss	firearmName	Hunter	5	Holy Moonlight Sword	weaponName
Hunter Blunderbuss	firearmName	Hunter	5	Hunter Axe	weaponName
Hunter Blunderbuss	firearmName	Hunter	5	Kirkhammer	weaponName
Hunter Blunderbuss	firearmName	Hunter	5	Logarius's Wheel	weaponName
Hunter Blunderbuss	firearmName	Hunter	5	Ludwig's Holy Blade	weaponName
Hunter Blunderbuss	firearmName	Hunter	5	Rakuyo	weaponName
Hunter Blunderbuss	firearmName	Hunter	5	Rifle Spear	weaponName
Hunter Blunderbuss	firearmName	Hunter	5	Saw Cleaver	weaponName
Hunter Blunderbuss	firearmName	Hunter	5	Saw Spear	weaponName
Hunter Blunderbuss	firearmName	Hunter	5	Simon's Bowblade	weaponName
Hunter Blunderbuss	firearmName	Hunter	5	Stake Driver	weaponName
Hunter Blunderbuss	firearmName	Hunter	5	Threaded Cane	weaponName
Hunter Blunderbuss	firearmName	Hunter	5	Tonitrus	weaponName
Hunter Blunderbuss	firearmName	Hunter	5	Whirligig Saw	weaponName
Hunter Blunderbuss	firearmName	Hunter	5	Cannon	firearmName
Hunter Blunderbuss	firearmName	Hunter	5	Fist of Gratia	firearmName
Hunter Blunderbuss	firearmName	Hunter	5	Flamesprayer	firearmName
Hunter Blunderbuss	firearmName	Hunter	5	Gatling Gun	firearmName
Hunter Blunderbuss	firearmName	Hunter	5	Hunter Blunderbuss	firearmName
Hunter Blunderbuss	firearmName	Hunter	5	Hunter Pistol	firearmName
Hunter Blunderbuss	firearmName	Hunter	5	Hunter's Torch	firearmName
Hunter Blunderbuss	firearmName	Hunter	5	Loch Shield	firearmName
Hunter Blunderbuss	firearmName	Hunter	5	Ludwig's Rifle	firearmName
Hunter Blunderbuss	firearmName	Hunter	5	Repeating Pistol	firearmName
Hunter Blunderbuss	firearmName	Hunter	5	Torch	firearmName
Hunter Blunderbuss	firearmName	Hunter	5	Wooden Shield	firearmName
Hunter Pistol	firearmName	Hunter	5	Beast's Embrace	runeName
Hunter Pistol	firearmName	Hunter	5	Corruption	runeName
Hunter Pistol	firearmName	Hunter	5	Hunter	runeName
Hunter Pistol	firearmName	Hunter	5	Amygdalan Arm 	weaponName
Hunter Pistol	firearmName	Hunter	5	Beast Claw	weaponName
Hunter Pistol	firearmName	Hunter	5	Beasthunter Saif	weaponName
Hunter Pistol	firearmName	Hunter	5	Beast Cutter	weaponName
Hunter Pistol	firearmName	Hunter	5	Blade of mercy	weaponName
Hunter Pistol	firearmName	Hunter	5	Boom Hammer	weaponName
Hunter Pistol	firearmName	Hunter	5	Burial Blade	weaponName
Hunter Pistol	firearmName	Hunter	5	Church Pick	weaponName
Hunter Pistol	firearmName	Hunter	5	Holy Moonlight Sword	weaponName
Hunter Pistol	firearmName	Hunter	5	Hunter Axe	weaponName
Hunter Pistol	firearmName	Hunter	5	Kirkhammer	weaponName
Hunter Pistol	firearmName	Hunter	5	Logarius's Wheel	weaponName
Hunter Pistol	firearmName	Hunter	5	Ludwig's Holy Blade	weaponName
Hunter Pistol	firearmName	Hunter	5	Rakuyo	weaponName
Hunter Pistol	firearmName	Hunter	5	Rifle Spear	weaponName
Hunter Pistol	firearmName	Hunter	5	Saw Cleaver	weaponName
Hunter Pistol	firearmName	Hunter	5	Saw Spear	weaponName
Hunter Pistol	firearmName	Hunter	5	Simon's Bowblade	weaponName
Hunter Pistol	firearmName	Hunter	5	Stake Driver	weaponName
Hunter Pistol	firearmName	Hunter	5	Threaded Cane	weaponName
Hunter Pistol	firearmName	Hunter	5	Tonitrus	weaponName
Hunter Pistol	firearmName	Hunter	5	Whirligig Saw	weaponName
Hunter Pistol	firearmName	Hunter	5	Cannon	firearmName
Hunter Pistol	firearmName	Hunter	5	Fist of Gratia	firearmName
Hunter Pistol	firearmName	Hunter	5	Flamesprayer	firearmName
Hunter Pistol	firearmName	Hunter	5	Gatling Gun	firearmName
Hunter Pistol	firearmName	Hunter	5	Hunter Blunderbuss	firearmName
Hunter Pistol	firearmName	Hunter	5	Hunter Pistol	firearmName
Hunter Pistol	firearmName	Hunter	5	Hunter's Torch	firearmName
Hunter Pistol	firearmName	Hunter	5	Loch Shield	firearmName
Hunter Pistol	firearmName	Hunter	5	Ludwig's Rifle	firearmName
Hunter Pistol	firearmName	Hunter	5	Repeating Pistol	firearmName
Hunter Pistol	firearmName	Hunter	5	Torch	firearmName
Hunter Pistol	firearmName	Hunter	5	Wooden Shield	firearmName
Hunter's Torch	firearmName	Hunter	5	Beast's Embrace	runeName
Hunter's Torch	firearmName	Hunter	5	Corruption	runeName
Hunter's Torch	firearmName	Hunter	5	Hunter	runeName
Hunter's Torch	firearmName	Hunter	5	Amygdalan Arm 	weaponName
Hunter's Torch	firearmName	Hunter	5	Beast Claw	weaponName
Hunter's Torch	firearmName	Hunter	5	Beasthunter Saif	weaponName
Hunter's Torch	firearmName	Hunter	5	Beast Cutter	weaponName
Hunter's Torch	firearmName	Hunter	5	Blade of mercy	weaponName
Hunter's Torch	firearmName	Hunter	5	Boom Hammer	weaponName
Hunter's Torch	firearmName	Hunter	5	Burial Blade	weaponName
Hunter's Torch	firearmName	Hunter	5	Church Pick	weaponName
Hunter's Torch	firearmName	Hunter	5	Holy Moonlight Sword	weaponName
Hunter's Torch	firearmName	Hunter	5	Hunter Axe	weaponName
Hunter's Torch	firearmName	Hunter	5	Kirkhammer	weaponName
Hunter's Torch	firearmName	Hunter	5	Logarius's Wheel	weaponName
Hunter's Torch	firearmName	Hunter	5	Ludwig's Holy Blade	weaponName
Hunter's Torch	firearmName	Hunter	5	Rakuyo	weaponName
Hunter's Torch	firearmName	Hunter	5	Rifle Spear	weaponName
Hunter's Torch	firearmName	Hunter	5	Saw Cleaver	weaponName
Hunter's Torch	firearmName	Hunter	5	Saw Spear	weaponName
Hunter's Torch	firearmName	Hunter	5	Simon's Bowblade	weaponName
Hunter's Torch	firearmName	Hunter	5	Stake Driver	weaponName
Hunter's Torch	firearmName	Hunter	5	Threaded Cane	weaponName
Hunter's Torch	firearmName	Hunter	5	Tonitrus	weaponName
Hunter's Torch	firearmName	Hunter	5	Whirligig Saw	weaponName
Hunter's Torch	firearmName	Hunter	5	Cannon	firearmName
Hunter's Torch	firearmName	Hunter	5	Fist of Gratia	firearmName
Hunter's Torch	firearmName	Hunter	5	Flamesprayer	firearmName
Hunter's Torch	firearmName	Hunter	5	Gatling Gun	firearmName
Hunter's Torch	firearmName	Hunter	5	Hunter Blunderbuss	firearmName
Hunter's Torch	firearmName	Hunter	5	Hunter Pistol	firearmName
Hunter's Torch	firearmName	Hunter	5	Hunter's Torch	firearmName
Hunter's Torch	firearmName	Hunter	5	Loch Shield	firearmName
Hunter's Torch	firearmName	Hunter	5	Ludwig's Rifle	firearmName
Hunter's Torch	firearmName	Hunter	5	Repeating Pistol	firearmName
Hunter's Torch	firearmName	Hunter	5	Torch	firearmName
Hunter's Torch	firearmName	Hunter	5	Wooden Shield	firearmName
Impurity	runeName	Impurity	1	Impurity	runeName
Arcane Lake	runeName	Lake	5	Arcane Lake	runeName
Arcane Lake	runeName	Lake	5	Deep Sea	runeName
Arcane Lake	runeName	Lake	5	Dissipating Lake	runeName
Arcane Lake	runeName	Lake	5	Fading Lake	runeName
Arcane Lake	runeName	Lake	5	Great Lake	runeName
Arcane Lake	runeName	Lake	5	Lake	runeName
Dissipating Lake	runeName	Lake	5	Arcane Lake	runeName
Dissipating Lake	runeName	Lake	5	Deep Sea	runeName
Dissipating Lake	runeName	Lake	5	Dissipating Lake	runeName
Dissipating Lake	runeName	Lake	5	Fading Lake	runeName
Dissipating Lake	runeName	Lake	5	Great Lake	runeName
Dissipating Lake	runeName	Lake	5	Lake	runeName
Fading Lake	runeName	Lake	5	Arcane Lake	runeName
Fading Lake	runeName	Lake	5	Deep Sea	runeName
Fading Lake	runeName	Lake	5	Dissipating Lake	runeName
Fading Lake	runeName	Lake	5	Fading Lake	runeName
Fading Lake	runeName	Lake	5	Great Lake	runeName
Fading Lake	runeName	Lake	5	Lake	runeName
Great Lake	runeName	Lake	5	Arcane Lake	runeName
Great Lake	runeName	Lake	5	Deep Sea	runeName
Great Lake	runeName	Lake	5	Dissipating Lake	runeName
Great Lake	runeName	Lake	5	Fading Lake	runeName
Great Lake	runeName	Lake	5	Great Lake	runeName
Great Lake	runeName	Lake	5	Lake	runeName
Lake	runeName	Lake	5	Arcane Lake	runeName
Lake	runeName	Lake	5	Deep Sea	runeName
Lake	runeName	Lake	5	Dissipating Lake	runeName
Lake	runeName	Lake	5	Fading Lake	runeName
Lake	runeName	Lake	5	Great Lake	runeName
Lake	runeName	Lake	5	Lake	runeName
Moon	runeName	Moon	2	Guidance	runeName
Moon	runeName	Moon	2	Heir	runeName
Moon	runeName	Moon	2	Hunter	runeName
Moon	runeName	Moon	2	Moon	runeName
Moon	runeName	Moon	2	Beast Claw	weaponName
Moon	runeName	Moon	2	Burial Blade	weaponName
Moon	runeName	Moon	2	Holy Moonlight Sword	weaponName
Moon	runeName	Moon	2	Ludwig's Holy Blade	weaponName
Moon	runeName	Moon	2	Rakuyo	weaponName
Holy Moonlight Sword	weaponName	Moon	2	Guidance	runeName
Holy Moonlight Sword	weaponName	Moon	2	Heir	runeName
Holy Moonlight Sword	weaponName	Moon	2	Hunter	runeName
Holy Moonlight Sword	weaponName	Moon	2	Moon	runeName
Holy Moonlight Sword	weaponName	Moon	2	Beast Claw	weaponName
Holy Moonlight Sword	weaponName	Moon	2	Burial Blade	weaponName
Holy Moonlight Sword	weaponName	Moon	2	Holy Moonlight Sword	weaponName
Holy Moonlight Sword	weaponName	Moon	2	Ludwig's Holy Blade	weaponName
Holy Moonlight Sword	weaponName	Moon	2	Rakuyo	weaponName
Formless Oedon	runeName	Oedon	2	Beast	runeName
Formless Oedon	runeName	Oedon	2	Blood Rapture	runeName
Formless Oedon	runeName	Oedon	2	Communion	runeName
Formless Oedon	runeName	Oedon	2	Formless Oedon	runeName
Formless Oedon	runeName	Oedon	2	Heir	runeName
Formless Oedon	runeName	Oedon	2	Oedon Writhe	runeName
Oedon Writhe	runeName	Oedon	2	Beast	runeName
Oedon Writhe	runeName	Oedon	2	Blood Rapture	runeName
Oedon Writhe	runeName	Oedon	2	Communion	runeName
Oedon Writhe	runeName	Oedon	2	Formless Oedon	runeName
Oedon Writhe	runeName	Oedon	2	Heir	runeName
Oedon Writhe	runeName	Oedon	2	Oedon Writhe	runeName
Radiance	runeName	Radiance	1	Corruption	runeName
Radiance	runeName	Radiance	1	Radiance	runeName
Amygdalan Arm 	weaponName	Amygdalan	1	Amygdalan Arm 	weaponName
Amygdalan Arm 	weaponName	Amygdalan	1	Gatling Gun	firearmName
Blade of mercy	weaponName	Blade	3	Arcane Lake	runeName
Blade of mercy	weaponName	Blade	3	Guidance	runeName
Blade of mercy	weaponName	Blade	3	Amygdalan Arm 	weaponName
Blade of mercy	weaponName	Blade	3	Blade of mercy	weaponName
Blade of mercy	weaponName	Blade	3	Burial Blade	weaponName
Blade of mercy	weaponName	Blade	3	Chikage	weaponName
Blade of mercy	weaponName	Blade	3	Church Pick	weaponName
Blade of mercy	weaponName	Blade	3	Holy Moonlight Sword	weaponName
Blade of mercy	weaponName	Blade	3	Kirkhammer	weaponName
Blade of mercy	weaponName	Blade	3	Ludwig's Holy Blade	weaponName
Blade of mercy	weaponName	Blade	3	Rakuyo	weaponName
Blade of mercy	weaponName	Blade	3	Stake Driver	weaponName
Blade of mercy	weaponName	Blade	3	Whirligig Saw	weaponName
Blade of mercy	weaponName	Blade	3	Fist of Gratia	firearmName
Burial Blade	weaponName	Blade	3	Arcane Lake	runeName
Burial Blade	weaponName	Blade	3	Guidance	runeName
Burial Blade	weaponName	Blade	3	Amygdalan Arm 	weaponName
Burial Blade	weaponName	Blade	3	Blade of mercy	weaponName
Burial Blade	weaponName	Blade	3	Burial Blade	weaponName
Burial Blade	weaponName	Blade	3	Chikage	weaponName
Burial Blade	weaponName	Blade	3	Church Pick	weaponName
Burial Blade	weaponName	Blade	3	Holy Moonlight Sword	weaponName
Burial Blade	weaponName	Blade	3	Kirkhammer	weaponName
Burial Blade	weaponName	Blade	3	Ludwig's Holy Blade	weaponName
Burial Blade	weaponName	Blade	3	Rakuyo	weaponName
Burial Blade	weaponName	Blade	3	Stake Driver	weaponName
Burial Blade	weaponName	Blade	3	Whirligig Saw	weaponName
Burial Blade	weaponName	Blade	3	Fist of Gratia	firearmName
Ludwig's Holy Blade	weaponName	Blade	3	Arcane Lake	runeName
Ludwig's Holy Blade	weaponName	Blade	3	Guidance	runeName
Ludwig's Holy Blade	weaponName	Blade	3	Amygdalan Arm 	weaponName
Ludwig's Holy Blade	weaponName	Blade	3	Blade of mercy	weaponName
Ludwig's Holy Blade	weaponName	Blade	3	Burial Blade	weaponName
Ludwig's Holy Blade	weaponName	Blade	3	Chikage	weaponName
Ludwig's Holy Blade	weaponName	Blade	3	Church Pick	weaponName
Ludwig's Holy Blade	weaponName	Blade	3	Holy Moonlight Sword	weaponName
Ludwig's Holy Blade	weaponName	Blade	3	Kirkhammer	weaponName
Ludwig's Holy Blade	weaponName	Blade	3	Ludwig's Holy Blade	weaponName
Ludwig's Holy Blade	weaponName	Blade	3	Rakuyo	weaponName
Ludwig's Holy Blade	weaponName	Blade	3	Stake Driver	weaponName
Ludwig's Holy Blade	weaponName	Blade	3	Whirligig Saw	weaponName
Ludwig's Holy Blade	weaponName	Blade	3	Fist of Gratia	firearmName
Bloodletter	weaponName	Bloodletter	1	Bloodletter	weaponName
Boom Hammer	weaponName	Boom	1	Boom Hammer	weaponName
Burial Blade	weaponName	Burial	1	Amygdalan Arm 	weaponName
Burial Blade	weaponName	Burial	1	Blade of mercy	weaponName
Burial Blade	weaponName	Burial	1	Burial Blade	weaponName
Burial Blade	weaponName	Burial	1	Church Pick	weaponName
Chikage	weaponName	Chikage	1	Chikage	weaponName
Chikage	weaponName	Chikage	1	Rakuyo	weaponName
Church Pick	weaponName	Church	2	Beast	runeName
Church Pick	weaponName	Church	2	Beast's Embrace	runeName
Church Pick	weaponName	Church	2	Communion	runeName
Church Pick	weaponName	Church	2	Corruption	runeName
Church Pick	weaponName	Church	2	Bloodletter	weaponName
Church Pick	weaponName	Church	2	Church Pick	weaponName
Church Pick	weaponName	Church	2	Kirkhammer	weaponName
Church Pick	weaponName	Church	2	Ludwig's Holy Blade	weaponName
Church Pick	weaponName	Church	2	Simon's Bowblade	weaponName
Church Pick	weaponName	Church	2	Threaded Cane	weaponName
Church Pick	weaponName	Church	2	Tonitrus	weaponName
Church Pick	weaponName	Church	2	Whirligig Saw	weaponName
Church Pick	weaponName	Church	2	Church Cannon	firearmName
Church Pick	weaponName	Church	2	Flamesprayer	firearmName
Church Pick	weaponName	Church	2	Hunter's Torch	firearmName
Church Pick	weaponName	Church	2	Loch Shield	firearmName
Church Pick	weaponName	Church	2	Ludwig's Rifle	firearmName
Church Pick	weaponName	Church	2	Repeating Pistol	firearmName
Church Pick	weaponName	Church	2	Rosmarinus	firearmName
Church Cannon	firearmName	Church	2	Beast	runeName
Church Cannon	firearmName	Church	2	Beast's Embrace	runeName
Church Cannon	firearmName	Church	2	Communion	runeName
Church Cannon	firearmName	Church	2	Corruption	runeName
Church Cannon	firearmName	Church	2	Bloodletter	weaponName
Church Cannon	firearmName	Church	2	Church Pick	weaponName
Church Cannon	firearmName	Church	2	Kirkhammer	weaponName
Church Cannon	firearmName	Church	2	Ludwig's Holy Blade	weaponName
Church Cannon	firearmName	Church	2	Simon's Bowblade	weaponName
Church Cannon	firearmName	Church	2	Threaded Cane	weaponName
Church Cannon	firearmName	Church	2	Tonitrus	weaponName
Church Cannon	firearmName	Church	2	Whirligig Saw	weaponName
Church Cannon	firearmName	Church	2	Church Cannon	firearmName
Church Cannon	firearmName	Church	2	Flamesprayer	firearmName
Church Cannon	firearmName	Church	2	Hunter's Torch	firearmName
Church Cannon	firearmName	Church	2	Loch Shield	firearmName
Church Cannon	firearmName	Church	2	Ludwig's Rifle	firearmName
Church Cannon	firearmName	Church	2	Repeating Pistol	firearmName
Church Cannon	firearmName	Church	2	Rosmarinus	firearmName
Holy Moonlight Sword	weaponName	Holy	2	Arcane Lake	runeName
Holy Moonlight Sword	weaponName	Holy	2	Guidance	runeName
Holy Moonlight Sword	weaponName	Holy	2	Holy Moonlight Sword	weaponName
Holy Moonlight Sword	weaponName	Holy	2	Kirkhammer	weaponName
Holy Moonlight Sword	weaponName	Holy	2	Ludwig's Holy Blade	weaponName
Holy Moonlight Sword	weaponName	Holy	2	Rakuyo	weaponName
Holy Moonlight Sword	weaponName	Holy	2	Fist of Gratia	firearmName
Ludwig's Holy Blade	weaponName	Holy	2	Arcane Lake	runeName
Ludwig's Holy Blade	weaponName	Holy	2	Guidance	runeName
Ludwig's Holy Blade	weaponName	Holy	2	Holy Moonlight Sword	weaponName
Ludwig's Holy Blade	weaponName	Holy	2	Kirkhammer	weaponName
Ludwig's Holy Blade	weaponName	Holy	2	Ludwig's Holy Blade	weaponName
Ludwig's Holy Blade	weaponName	Holy	2	Rakuyo	weaponName
Ludwig's Holy Blade	weaponName	Holy	2	Fist of Gratia	firearmName
Kirkhammer	weaponName	Kirkhammer	1	Kirkhammer	weaponName
Kirkhammer	weaponName	Kirkhammer	1	Ludwig's Holy Blade	weaponName
Kos Parasite	weaponName	Kos	1	Milkweed	runeName
Kos Parasite	weaponName	Kos	1	Kos Parasite	weaponName
Kos Parasite	weaponName	Kos	1	Whirligig Saw	weaponName
Logarius's Wheel	weaponName	Logarius	1	Corruption	runeName
Logarius's Wheel	weaponName	Logarius	1	Radiance	runeName
Logarius's Wheel	weaponName	Logarius	1	Kirkhammer	weaponName
Logarius's Wheel	weaponName	Logarius	1	Logarius's Wheel	weaponName
Ludwig's Holy Blade	weaponName	Ludwig	2	Arcane Lake	runeName
Ludwig's Holy Blade	weaponName	Ludwig	2	Guidance	runeName
Ludwig's Holy Blade	weaponName	Ludwig	2	Holy Moonlight Sword	weaponName
Ludwig's Holy Blade	weaponName	Ludwig	2	Kirkhammer	weaponName
Ludwig's Holy Blade	weaponName	Ludwig	2	Ludwig's Holy Blade	weaponName
Ludwig's Holy Blade	weaponName	Ludwig	2	Rifle Spear	weaponName
Ludwig's Holy Blade	weaponName	Ludwig	2	Fist of Gratia	firearmName
Ludwig's Holy Blade	weaponName	Ludwig	2	Ludwig's Rifle	firearmName
Ludwig's Rifle	firearmName	Ludwig	2	Arcane Lake	runeName
Ludwig's Rifle	firearmName	Ludwig	2	Guidance	runeName
Ludwig's Rifle	firearmName	Ludwig	2	Holy Moonlight Sword	weaponName
Ludwig's Rifle	firearmName	Ludwig	2	Kirkhammer	weaponName
Ludwig's Rifle	firearmName	Ludwig	2	Ludwig's Holy Blade	weaponName
Ludwig's Rifle	firearmName	Ludwig	2	Rifle Spear	weaponName
Ludwig's Rifle	firearmName	Ludwig	2	Fist of Gratia	firearmName
Ludwig's Rifle	firearmName	Ludwig	2	Ludwig's Rifle	firearmName
Rakuyo	weaponName	Rakuyo	1	Rakuyo	weaponName
Reiterpallasch	weaponName	Reiterpallasch	1	Reiterpallasch	weaponName
Reiterpallasch	weaponName	Reiterpallasch	1	Rifle Spear	weaponName
Rifle Spear	weaponName	Rifle	3	Rifle Spear	weaponName
Rifle Spear	weaponName	Rifle	3	Ludwig's Rifle	firearmName
Ludwig's Rifle	firearmName	Rifle	3	Rifle Spear	weaponName
Ludwig's Rifle	firearmName	Rifle	3	Ludwig's Rifle	firearmName
Piercing Rifle	firearmName	Rifle	3	Rifle Spear	weaponName
Piercing Rifle	firearmName	Rifle	3	Ludwig's Rifle	firearmName
Saw Cleaver	weaponName	Saw	3	Corruption	runeName
Saw Cleaver	weaponName	Saw	3	Hunter Axe	weaponName
Saw Cleaver	weaponName	Saw	3	Saw Cleaver	weaponName
Saw Cleaver	weaponName	Saw	3	Saw Spear	weaponName
Saw Cleaver	weaponName	Saw	3	Threaded Cane	weaponName
Saw Cleaver	weaponName	Saw	3	Whirligig Saw	weaponName
Saw Cleaver	weaponName	Saw	3	Hunter Blunderbuss	firearmName
Saw Cleaver	weaponName	Saw	3	Hunter Pistol	firearmName
Saw Spear	weaponName	Saw	3	Corruption	runeName
Saw Spear	weaponName	Saw	3	Hunter Axe	weaponName
Saw Spear	weaponName	Saw	3	Saw Cleaver	weaponName
Saw Spear	weaponName	Saw	3	Saw Spear	weaponName
Saw Spear	weaponName	Saw	3	Threaded Cane	weaponName
Saw Spear	weaponName	Saw	3	Whirligig Saw	weaponName
Saw Spear	weaponName	Saw	3	Hunter Blunderbuss	firearmName
Saw Spear	weaponName	Saw	3	Hunter Pistol	firearmName
Whirligig Saw	weaponName	Saw	3	Corruption	runeName
Whirligig Saw	weaponName	Saw	3	Hunter Axe	weaponName
Whirligig Saw	weaponName	Saw	3	Saw Cleaver	weaponName
Whirligig Saw	weaponName	Saw	3	Saw Spear	weaponName
Whirligig Saw	weaponName	Saw	3	Threaded Cane	weaponName
Whirligig Saw	weaponName	Saw	3	Whirligig Saw	weaponName
Whirligig Saw	weaponName	Saw	3	Hunter Blunderbuss	firearmName
Whirligig Saw	weaponName	Saw	3	Hunter Pistol	firearmName
Simon's Bowblade	weaponName	Simon	1	Holy Moonlight Sword	weaponName
Simon's Bowblade	weaponName	Simon	1	Rakuyo	weaponName
Simon's Bowblade	weaponName	Simon	1	Rifle Spear	weaponName
Simon's Bowblade	weaponName	Simon	1	Simon's Bowblade	weaponName
Stake Driver	weaponName	Stake	1	Anti-Clockwise Metamorphosis	runeName
Stake Driver	weaponName	Stake	1	Stake Driver	weaponName
Threaded Cane	weaponName	Threaded	1	Rakuyo	weaponName
Threaded Cane	weaponName	Threaded	1	Threaded Cane	weaponName
Tonitrus	weaponName	Tonitrus	1	Fading Lake	runeName
Tonitrus	weaponName	Tonitrus	1	Burial Blade	weaponName
Tonitrus	weaponName	Tonitrus	1	Rifle Spear	weaponName
Tonitrus	weaponName	Tonitrus	1	Tonitrus	weaponName
Tonitrus	weaponName	Tonitrus	1	Wooden Shield	firearmName
Whirligig Saw	weaponName	Whirligig	1	Whirligig Saw	weaponName
Cannon	firearmName	Cannon	2	Formless Oedon	runeName
Cannon	firearmName	Cannon	2	Oedon Writhe	runeName
Cannon	firearmName	Cannon	2	Whirligig Saw	weaponName
Cannon	firearmName	Cannon	2	Cannon	firearmName
Church Cannon	firearmName	Cannon	2	Formless Oedon	runeName
Church Cannon	firearmName	Cannon	2	Oedon Writhe	runeName
Church Cannon	firearmName	Cannon	2	Whirligig Saw	weaponName
Church Cannon	firearmName	Cannon	2	Cannon	firearmName
Evelyn	firearmName	Evelyn	1	Evelyn	firearmName
Flamesprayer	firearmName	Flamesprayer	1	Flamesprayer	firearmName
Gatling Gun	firearmName	Gatling	1	Amygdalan Arm 	weaponName
Gatling Gun	firearmName	Gatling	1	Cannon	firearmName
Gatling Gun	firearmName	Gatling	1	Gatling Gun	firearmName
Loch Shield	firearmName	Loch	1	Loch Shield	firearmName
Repeating Pistol	firearmName	Repeating	1	Repeating Pistol	firearmName
Rosmarinus	firearmName	Rosmarinus	1	Rosmarinus	firearmName
Hunter's Torch	firearmName	Torch	2	Hunter's Torch	firearmName
Torch	firearmName	Torch	2	Hunter's Torch	firearmName
Wooden Shield	firearmName	Wooden	1	Loch Shield	firearmName
Wooden Shield	firearmName	Wooden	1	Wooden Shield	firearmName