Daisy	Vices	Shorter than 4 minutes
Daisy	Daisy	Shorter than 4 minutes
Daisy	Be Gone	Shorter than 4 minutes
Daisy	At The Bottom	Longer than 4 Minutes
Daisy	Gasoline	Shorter than 4 minutes
Daisy	Bought A Bride	Shorter than 4 minutes
Daisy	Bed	Shorter than 4 minutes
Daisy	You Stole	Longer than 4 Minutes
Daisy	In A Jar	Shorter than 4 minutes
Daisy	Noro	Longer than 4 Minutes
Daisy	Sink	Shorter than 4 minutes
Deja Entendu	Play Crack The Sky	Longer than 4 Minutes
Deja Entendu	The Boy Who Blocked His Own Shot	Longer than 4 Minutes
Deja Entendu	Jaws Theme Swimming	Longer than 4 Minutes
Deja Entendu	Tautou	Shorter than 4 minutes
Deja Entendu	Good To Know That If I Ever Need Attention All I Have To Do Is Die	Longer than 4 Minutes
Deja Entendu	I Will Play My Game Beneath the Spin Light	Shorter than 4 minutes
Deja Entendu	Sic Transit Gloria... Glory Fades	Shorter than 4 minutes
Deja Entendu	Okay I Believe You, But My Tommy Gun Don't	Longer than 4 Minutes
Deja Entendu	Guernica	Shorter than 4 minutes
Deja Entendu	The Quiet Things That No One Ever Knows	Longer than 4 Minutes
Science Fiction	Desert	Shorter than 4 minutes
Science Fiction	Lit Me Up	Longer than 4 Minutes
Science Fiction	In The Water	Longer than 4 Minutes
Science Fiction	Could Never Be Heaven	Shorter than 4 minutes
Science Fiction	451	Longer than 4 Minutes
Science Fiction	137	Longer than 4 Minutes
Science Fiction	Can't Get It Out	Shorter than 4 minutes
Science Fiction	No Control	Shorter than 4 minutes
Science Fiction	Out of Mana	Longer than 4 Minutes
Science Fiction	Batter Up	Longer than 4 Minutes
Science Fiction	Same Logic/Teeth	Longer than 4 Minutes
The Devil And God Are Raging Inside Me	Degausser	Longer than 4 Minutes
The Devil And God Are Raging Inside Me	You Won't Know	Longer than 4 Minutes
The Devil And God Are Raging Inside Me	Not The Sun	Shorter than 4 minutes
The Devil And God Are Raging Inside Me	Jesus Christ	Longer than 4 Minutes
The Devil And God Are Raging Inside Me	Sowing Season (Yeah)	Longer than 4 Minutes
The Devil And God Are Raging Inside Me	Millstone	Longer than 4 Minutes
The Devil And God Are Raging Inside Me	Limousine	Longer than 4 Minutes
The Devil And God Are Raging Inside Me	The Archers Bows Have Broken	Longer than 4 Minutes
The Devil And God Are Raging Inside Me	Luca	Longer than 4 Minutes
The Devil And God Are Raging Inside Me	Welcome To Bangkok	Shorter than 4 minutes
The Devil And God Are Raging Inside Me	Untitled	Shorter than 4 minutes
The Devil And God Are Raging Inside Me	Handcuffs	Longer than 4 Minutes
Your Favorite Weapon	Me Vs. Maradona Vs. Elvis	Longer than 4 Minutes
Your Favorite Weapon	Sudden Death In Carolina	Shorter than 4 minutes
Your Favorite Weapon	The No Seatbelt Song	Longer than 4 Minutes
Your Favorite Weapon	Magazines	Shorter than 4 minutes
Your Favorite Weapon	Jude Law And A Semester Abroad	Shorter than 4 minutes
Your Favorite Weapon	Logan To Government Center	Shorter than 4 minutes
Your Favorite Weapon	Last Chance To Lose Your Keys	Shorter than 4 minutes
Your Favorite Weapon	Secondary	Shorter than 4 minutes
Your Favorite Weapon	The Shower Scene	Shorter than 4 minutes
Your Favorite Weapon	Seventy Times 7	Shorter than 4 minutes
Your Favorite Weapon	Failure By Design	Shorter than 4 minutes
Your Favorite Weapon	Mix Tape	Shorter than 4 minutes
Your Favorite Weapon	Soco Amaretto Lime	Longer than 4 Minutes