#lSD	I	Fascicle 16: Poem 11 (J 446: 1862/1914)	1	#ce
#ce	I	Fascicle 16: Poem 11 (J 446: 1862/1914)	1	#lSD
#ce	she	Fascicle 16: Poem 11 (J 446: 1862/1914)	1	#lSD
#lSD	she	Fascicle 16: Poem 11 (J 446: 1862/1914)	1	#ce
#lSD	I	Fascicle 16: Poem 11 (J 446: 1862/1914)	1	#ce
#ce	I	Fascicle 16: Poem 11 (J 446: 1862/1914)	1	#lSD
#lSD	her	Fascicle 16: Poem 11 (J 446: 1862/1914)	1	#ce
#ce	her	Fascicle 16: Poem 11 (J 446: 1862/1914)	1	#lSD
#df16	Secrets—	Fascicle 16: Poem 11 (J 446: 1862/1914)	1	#lSD
#lSD	Secrets—	Fascicle 16: Poem 11 (J 446: 1862/1914)	1	#df16
#df16	Morning's Nest—	Fascicle 16: Poem 11 (J 446: 1862/1914)	1	#lSD
#lSD	Morning's Nest—	Fascicle 16: Poem 11 (J 446: 1862/1914)	1	#df16
#df16	Rope the	Fascicle 16: Poem 11 (J 446: 1862/1914)	1	#lSD
#lSD	Rope the	Fascicle 16: Poem 11 (J 446: 1862/1914)	1	#df16
#lSD	She	Fascicle 16: Poem 11 (J 446: 1862/1914)	1	#ce
#ce	She	Fascicle 16: Poem 11 (J 446: 1862/1914)	1	#lSD
#ce	I	Fascicle 16: Poem 11 (J 446: 1862/1914)	1	#lSD
#lSD	I	Fascicle 16: Poem 11 (J 446: 1862/1914)	1	#ce
#lSD	,	Fascicle 16: Poem 11 (J 446: 1862/1914)	1	#ce
#ce	,	Fascicle 16: Poem 11 (J 446: 1862/1914)	1	#lSD
#lSD	The larger, as her face withdrew—	Fascicle 16: Poem 11 (J 446: 1862/1914)	1	#ce
#ce	The larger, as her face withdrew—	Fascicle 16: Poem 11 (J 446: 1862/1914)	1	#lSD
#df16	Afraid!	Fascicle 16: Poem 10 (J 608: 1862/1890)	1	#fh
#fh	Afraid!	Fascicle 16: Poem 10 (J 608: 1862/1890)	1	#df16
#poems1	Afraid?	Fascicle 16: Poem 10 (J 608: 1862/1890)	1	#ce
#ce	Afraid?	Fascicle 16: Poem 10 (J 608: 1862/1890)	1	#poems1
#df16	Death—for who is He?	Fascicle 16: Poem 10 (J 608: 1862/1890)	1	#fh
#fh	Death—for who is He?	Fascicle 16: Poem 10 (J 608: 1862/1890)	1	#df16
#poems1	death; for who is he?	Fascicle 16: Poem 10 (J 608: 1862/1890)	1	#ce
#ce	death; for who is he?	Fascicle 16: Poem 10 (J 608: 1862/1890)	1	#poems1
#df16	Porter	Fascicle 16: Poem 10 (J 608: 1862/1890)	1	#fh
#fh	Porter	Fascicle 16: Poem 10 (J 608: 1862/1890)	1	#df16
#poems1	porter	Fascicle 16: Poem 10 (J 608: 1862/1890)	1	#ce
#ce	porter	Fascicle 16: Poem 10 (J 608: 1862/1890)	1	#poems1
#df16	Father's Lodge	Fascicle 16: Poem 10 (J 608: 1862/1890)	1	#fh
#fh	Father's Lodge	Fascicle 16: Poem 10 (J 608: 1862/1890)	1	#df16
#poems1	father's lodge	Fascicle 16: Poem 10 (J 608: 1862/1890)	1	#ce
#ce	father's lodge	Fascicle 16: Poem 10 (J 608: 1862/1890)	1	#poems1
#df16	!	Fascicle 16: Poem 10 (J 608: 1862/1890)	1	#fh
#fh	!	Fascicle 16: Poem 10 (J 608: 1862/1890)	1	#df16
#poems1	.	Fascicle 16: Poem 10 (J 608: 1862/1890)	1	#ce
#ce	.	Fascicle 16: Poem 10 (J 608: 1862/1890)	1	#poems1
#poems1	a thing	Fascicle 16: Poem 10 (J 608: 1862/1890)	1	#ce
#ce	a thing	Fascicle 16: Poem 10 (J 608: 1862/1890)	1	#poems1
#fh	two existences—	Fascicle 16: Poem 10 (J 608: 1862/1890)	1	#df16
#df16	two existences—	Fascicle 16: Poem 10 (J 608: 1862/1890)	1	#fh
#poems1	more existences	Fascicle 16: Poem 10 (J 608: 1862/1890)	1	#ce
#ce	more existences	Fascicle 16: Poem 10 (J 608: 1862/1890)	1	#poems1
#fh	As Deity decree—	Fascicle 16: Poem 10 (J 608: 1862/1890)	1	#df16
#df16	As Deity decree—	Fascicle 16: Poem 10 (J 608: 1862/1890)	1	#fh
#poems1	At Deity's decree.	Fascicle 16: Poem 10 (J 608: 1862/1890)	1	#ce
#ce	At Deity's decree.	Fascicle 16: Poem 10 (J 608: 1862/1890)	1	#poems1
#df16	Resurrection	Fascicle 16: Poem 10 (J 608: 1862/1890)	1	#fh
#fh	Resurrection	Fascicle 16: Poem 10 (J 608: 1862/1890)	1	#df16
#poems1	resurrection	Fascicle 16: Poem 10 (J 608: 1862/1890)	1	#ce
#ce	resurrection	Fascicle 16: Poem 10 (J 608: 1862/1890)	1	#poems1
#df16	East	Fascicle 16: Poem 10 (J 608: 1862/1890)	1	#fh
#fh	East	Fascicle 16: Poem 10 (J 608: 1862/1890)	1	#df16
#poems1	east	Fascicle 16: Poem 10 (J 608: 1862/1890)	1	#ce
#ce	east	Fascicle 16: Poem 10 (J 608: 1862/1890)	1	#poems1
#df16	Morn	Fascicle 16: Poem 10 (J 608: 1862/1890)	1	#fh
#fh	Morn	Fascicle 16: Poem 10 (J 608: 1862/1890)	1	#df16
#poems1	morn	Fascicle 16: Poem 10 (J 608: 1862/1890)	1	#ce
#ce	morn	Fascicle 16: Poem 10 (J 608: 1862/1890)	1	#poems1
#df16	Crown	Fascicle 16: Poem 10 (J 608: 1862/1890)	1	#fh
#fh	Crown	Fascicle 16: Poem 10 (J 608: 1862/1890)	1	#df16
#poems1	crown	Fascicle 16: Poem 10 (J 608: 1862/1890)	1	#ce
#ce	crown	Fascicle 16: Poem 10 (J 608: 1862/1890)	1	#poems1
#bm	go at Noon,	Poem 8 (J 242: 1861/1945)	1	#df16
#df16	go at Noon,	Poem 8 (J 242: 1861/1945)	1	#bm
#df16	How noteless Men, and Pleiads, stand,	Poem 7 (J 282: 1861/1929)	1	#fh
#fh	How noteless Men, and Pleiads, stand,	Poem 7 (J 282: 1861/1929)	1	#df16
#df16	One is rapt	Poem 7 (J 282: 1861/1929)	1	#fh
#fh	One is rapt	Poem 7 (J 282: 1861/1929)	1	#df16
#fp	one is wrapt	Poem 7 (J 282: 1861/1929)	1	#ce
#ce	one is wrapt	Poem 7 (J 282: 1861/1929)	1	#fp
#df16	Eye—	Poem 7 (J 282: 1861/1929)	1	#fh
#fh	Eye—	Poem 7 (J 282: 1861/1929)	1	#df16
#fp	eye.	Poem 7 (J 282: 1861/1929)	1	#ce
#ce	eye.	Poem 7 (J 282: 1861/1929)	1	#fp
#df16	Existing, while we stare,	Poem 7 (J 282: 1861/1929)	1	#fh
#fh	Existing, while we stare,	Poem 7 (J 282: 1861/1929)	1	#df16
#fp	Existing while we stare	Poem 7 (J 282: 1861/1929)	1	#ce
#ce	Existing while we stare	Poem 7 (J 282: 1861/1929)	1	#fp
#df16	In Leagueless Opportunity,	Poem 7 (J 282: 1861/1929)	1	#fh
#fh	In Leagueless Opportunity,	Poem 7 (J 282: 1861/1929)	1	#df16
#fp	In leagueless opportunity	Poem 7 (J 282: 1861/1929)	1	#ce
#ce	In leagueless opportunity	Poem 7 (J 282: 1861/1929)	1	#fp
#df16	O'ertakeless, as the Air—	Poem 7 (J 282: 1861/1929)	1	#fh
#fh	O'ertakeless, as the Air—	Poem 7 (J 282: 1861/1929)	1	#df16
#fp	O'er-take-less as the air.	Poem 7 (J 282: 1861/1929)	1	#ce
#ce	O'er-take-less as the air.	Poem 7 (J 282: 1861/1929)	1	#fp
#fh	detain Them?	Poem 7 (J 282: 1861/1929)	1	#df16
#df16	detain Them?	Poem 7 (J 282: 1861/1929)	1	#fh
#fp	detain them?	Poem 7 (J 282: 1861/1929)	1	#ce
#ce	detain them?	Poem 7 (J 282: 1861/1929)	1	#fp
#df16	smile,	Poem 7 (J 282: 1861/1929)	1	#fh
#fh	smile,	Poem 7 (J 282: 1861/1929)	1	#df16
#fp	smile	Poem 7 (J 282: 1861/1929)	1	#ce
#ce	smile	Poem 7 (J 282: 1861/1929)	1	#fp
#df16	Sweep by our disappointed Heads	Poem 7 (J 282: 1861/1929)	1	#fh
#fh	Sweep by our disappointed Heads	Poem 7 (J 282: 1861/1929)	1	#df16
#fh	Without a syllable—	Poem 7 (J 282: 1861/1929)	1	#df16
#df16	Without a syllable—	Poem 7 (J 282: 1861/1929)	1	#fh
#fp	But deign no syllable.	Poem 7 (J 282: 1861/1929)	2	#ce
#fp	But deign no syllable.	Poem 7 (J 282: 1861/1929)	2	#df16
#ce	But deign no syllable.	Poem 7 (J 282: 1861/1929)	2	#fp
#ce	But deign no syllable.	Poem 7 (J 282: 1861/1929)	2	#df16
#df16	But deign no syllable.	Poem 7 (J 282: 1861/1929)	2	#fp
#df16	But deign no syllable.	Poem 7 (J 282: 1861/1929)	2	#ce
#fh	it half Captivates—	Poem 6 (J 281: 1861/1935)	1	#df16
#df16	it half Captivates—	Poem 6 (J 281: 1861/1935)	1	#fh
#fh	A Sepulchre, fears frost, no more—	Poem 6 (J 281: 1861/1935)	1	#df16
#df16	A Sepulchre, fears frost, no more—	Poem 6 (J 281: 1861/1935)	1	#fh
#df16	Funeral, in my Brain,	Poem 5 (J 280: 1861/1896)	1	#fh
#fh	Funeral, in my Brain,	Poem 5 (J 280: 1861/1896)	1	#df16
#poems3	funeral in my brain,	Poem 5 (J 280: 1861/1896)	1	#ce
#ce	funeral in my brain,	Poem 5 (J 280: 1861/1896)	1	#poems3
#df16	And Mourners to and fro	Poem 5 (J 280: 1861/1896)	1	#fh
#fh	And Mourners to and fro	Poem 5 (J 280: 1861/1896)	1	#df16
#poems3	And mourners, to and fro,	Poem 5 (J 280: 1861/1896)	1	#ce
#ce	And mourners, to and fro,	Poem 5 (J 280: 1861/1896)	1	#poems3
#df16	Kept treading—treading—till it seemed	Poem 5 (J 280: 1861/1896)	1	#fh
#fh	Kept treading—treading—till it seemed	Poem 5 (J 280: 1861/1896)	1	#df16
#poems3	Kept treading, treading, till it seemed	Poem 5 (J 280: 1861/1896)	1	#ce
#ce	Kept treading, treading, till it seemed	Poem 5 (J 280: 1861/1896)	1	#poems3
#df16	That Sense was breaking through—	Poem 5 (J 280: 1861/1896)	1	#fh
#fh	That Sense was breaking through—	Poem 5 (J 280: 1861/1896)	1	#df16
#poems3	That sense was breaking through.	Poem 5 (J 280: 1861/1896)	1	#ce
#ce	That sense was breaking through.	Poem 5 (J 280: 1861/1896)	1	#poems3
#df16	A Service, like a Drum—	Poem 5 (J 280: 1861/1896)	1	#fh
#fh	A Service, like a Drum—	Poem 5 (J 280: 1861/1896)	1	#df16
#poems3	A service like a drum	Poem 5 (J 280: 1861/1896)	1	#ce
#ce	A service like a drum	Poem 5 (J 280: 1861/1896)	1	#poems3
#df16	beating—beating—	Poem 5 (J 280: 1861/1896)	1	#fh
#fh	beating—beating—	Poem 5 (J 280: 1861/1896)	1	#df16
#poems3	beating, beating,	Poem 5 (J 280: 1861/1896)	1	#ce
#ce	beating, beating,	Poem 5 (J 280: 1861/1896)	1	#poems3
#df16	My Mind was going numb—	Poem 5 (J 280: 1861/1896)	1	#fh
#fh	My Mind was going numb—	Poem 5 (J 280: 1861/1896)	1	#df16
#poems3	My mind was going numb.	Poem 5 (J 280: 1861/1896)	1	#ce
#ce	My mind was going numb.	Poem 5 (J 280: 1861/1896)	1	#poems3
#df16	Box	Poem 5 (J 280: 1861/1896)	1	#fh
#fh	Box	Poem 5 (J 280: 1861/1896)	1	#df16
#poems3	box,	Poem 5 (J 280: 1861/1896)	1	#ce
#ce	box,	Poem 5 (J 280: 1861/1896)	1	#poems3
#df16	And creak across my	Poem 5 (J 280: 1861/1896)	1	#fh
#fh	And creak across my	Poem 5 (J 280: 1861/1896)	1	#df16
#poems3	And creak across my	Poem 5 (J 280: 1861/1896)	1	#ce
#ce	And creak across my	Poem 5 (J 280: 1861/1896)	1	#poems3
#df16	 Soul	Poem 5 (J 280: 1861/1896)	1	#fh
#fh	 Soul	Poem 5 (J 280: 1861/1896)	1	#df16
#poems3	 soul	Poem 5 (J 280: 1861/1896)	1	#ce
#ce	 soul	Poem 5 (J 280: 1861/1896)	1	#poems3
#df16	Boots of lead, again,	Poem 5 (J 280: 1861/1896)	1	#fh
#fh	Boots of lead, again,	Poem 5 (J 280: 1861/1896)	1	#df16
#poems3	boots of lead, again.	Poem 5 (J 280: 1861/1896)	1	#ce
#ce	boots of lead, again.	Poem 5 (J 280: 1861/1896)	1	#poems3
#df16	Then Space—began to toll,	Poem 5 (J 280: 1861/1896)	1	#fh
#fh	Then Space—began to toll,	Poem 5 (J 280: 1861/1896)	1	#df16
#poems3	Then space bagan to toll	Poem 5 (J 280: 1861/1896)	1	#ce
#ce	Then space bagan to toll	Poem 5 (J 280: 1861/1896)	1	#poems3
#df16	Heavens were a Bell,	Poem 5 (J 280: 1861/1896)	1	#fh
#fh	Heavens were a Bell,	Poem 5 (J 280: 1861/1896)	1	#df16
#poems3	heavens were a bell,	Poem 5 (J 280: 1861/1896)	1	#ce
#ce	heavens were a bell,	Poem 5 (J 280: 1861/1896)	1	#poems3
#df16	And Being, but an Ear,	Poem 5 (J 280: 1861/1896)	1	#fh
#fh	And Being, but an Ear,	Poem 5 (J 280: 1861/1896)	1	#df16
#ce	And Being but an ear,	Poem 5 (J 280: 1861/1896)	1	#poems3
#poems3	And Being but an ear,	Poem 5 (J 280: 1861/1896)	1	#ce
#df16	And I, and Silence, some strange Race	Poem 5 (J 280: 1861/1896)	1	#fh
#fh	And I, and Silence, some strange Race	Poem 5 (J 280: 1861/1896)	1	#df16
#poems3	And I and silence some strange race,	Poem 5 (J 280: 1861/1896)	1	#ce
#ce	And I and silence some strange race,	Poem 5 (J 280: 1861/1896)	1	#poems3
#df16	Wrecked, solitary, here—	Poem 5 (J 280: 1861/1896)	1	#fh
#fh	Wrecked, solitary, here—	Poem 5 (J 280: 1861/1896)	1	#df16
#poems3	Wrecked, solitary, here.	Poem 5 (J 280: 1861/1896)	1	#ce
#ce	Wrecked, solitary, here.	Poem 5 (J 280: 1861/1896)	1	#poems3
#fh	plunge,	Poem 5 (J 280: 1861/1896)	1	#df16
#df16	plunge,	Poem 5 (J 280: 1861/1896)	1	#fh
#fh	Finished 	Poem 5 (J 280: 1861/1896)	1	#df16
#df16	Finished 	Poem 5 (J 280: 1861/1896)	1	#fh
#df16	Agony	Poem 4 (J 241: 1861/1890)	1	#fh
#fh	Agony	Poem 4 (J 241: 1861/1890)	1	#df16
#poems1	agony	Poem 4 (J 241: 1861/1890)	1	#ce
#ce	agony	Poem 4 (J 241: 1861/1890)	1	#poems1
#df16	—	Poem 4 (J 241: 1861/1890)	1	#fh
#fh	—	Poem 4 (J 241: 1861/1890)	1	#df16
#poems1	;	Poem 4 (J 241: 1861/1890)	1	#ce
#ce	;	Poem 4 (J 241: 1861/1890)	1	#poems1
#df16	Convulsion	Poem 4 (J 241: 1861/1890)	1	#fh
#fh	Convulsion	Poem 4 (J 241: 1861/1890)	1	#df16
#poems1	convulsion	Poem 4 (J 241: 1861/1890)	1	#ce
#ce	convulsion	Poem 4 (J 241: 1861/1890)	1	#poems1
#poems1	 a throe.	Poem 4 (J 241: 1861/1890)	1	#ce
#ce	 a throe.	Poem 4 (J 241: 1861/1890)	1	#poems1
#poems1	, and that is death.	Poem 4 (J 241: 1861/1890)	1	#ce
#ce	, and that is death.	Poem 4 (J 241: 1861/1890)	1	#poems1
#df16	The Beads upon the Forehead	Poem 4 (J 241: 1861/1890)	1	#fh
#fh	The Beads upon the Forehead	Poem 4 (J 241: 1861/1890)	1	#df16
#poems1	The beads upon the forehead	Poem 4 (J 241: 1861/1890)	1	#ce
#ce	The beads upon the forehead	Poem 4 (J 241: 1861/1890)	1	#poems1
#df16	Anguish	Poem 4 (J 241: 1861/1890)	1	#fh
#fh	Anguish	Poem 4 (J 241: 1861/1890)	1	#df16
#poems1	anguish	Poem 4 (J 241: 1861/1890)	1	#ce
#ce	anguish	Poem 4 (J 241: 1861/1890)	1	#poems1
#df16	Strings	Poem 3 (J 279: 1861/1896)	1	#fh
#fh	Strings	Poem 3 (J 279: 1861/1896)	1	#df16
#poems3	strings	Poem 3 (J 279: 1861/1896)	1	#ce
#ce	strings	Poem 3 (J 279: 1861/1896)	1	#poems3
#df16	Life, My	Poem 3 (J 279: 1861/1896)	1	#fh
#fh	Life, My	Poem 3 (J 279: 1861/1896)	1	#df16
#ce	life, my	Poem 3 (J 279: 1861/1896)	1	#poems3
#poems3	life, my	Poem 3 (J 279: 1861/1896)	1	#ce
#df16	Then, I am ready to go!	Poem 3 (J 279: 1861/1896)	1	#fh
#fh	Then, I am ready to go!	Poem 3 (J 279: 1861/1896)	1	#df16
#ce	Then I am ready to go!	Poem 3 (J 279: 1861/1896)	1	#poems3
#poems3	Then I am ready to go!	Poem 3 (J 279: 1861/1896)	1	#ce
#fh	a	Poem 3 (J 279: 1861/1896)	2	#ce
#fh	a	Poem 3 (J 279: 1861/1896)	2	#poems3
#ce	a	Poem 3 (J 279: 1861/1896)	2	#fh
#ce	a	Poem 3 (J 279: 1861/1896)	2	#poems3
#poems3	a	Poem 3 (J 279: 1861/1896)	2	#fh
#poems3	a	Poem 3 (J 279: 1861/1896)	2	#ce
#df16	Horses	Poem 3 (J 279: 1861/1896)	1	#fh
#fh	Horses	Poem 3 (J 279: 1861/1896)	1	#df16
#df16	Rapid! That will do!	Poem 3 (J 279: 1861/1896)	1	#fh
#fh	Rapid! That will do!	Poem 3 (J 279: 1861/1896)	1	#df16
#ce	Rapid! That will do!	Poem 3 (J 279: 1861/1896)	1	#poems3
#poems3	Rapid! That will do!	Poem 3 (J 279: 1861/1896)	1	#ce
#df16	in	Poem 3 (J 279: 1861/1896)	2	#fh
#df16	in	Poem 3 (J 279: 1861/1896)	2	#poems3
#fh	in	Poem 3 (J 279: 1861/1896)	2	#df16
#fh	in	Poem 3 (J 279: 1861/1896)	2	#poems3
#poems3	in	Poem 3 (J 279: 1861/1896)	2	#df16
#poems3	in	Poem 3 (J 279: 1861/1896)	2	#fh
#fh	firmest 	Poem 3 (J 279: 1861/1896)	3	#ce
#fh	firmest 	Poem 3 (J 279: 1861/1896)	3	#poems3
#fh	firmest 	Poem 3 (J 279: 1861/1896)	3	#df16
#ce	firmest 	Poem 3 (J 279: 1861/1896)	3	#fh
#ce	firmest 	Poem 3 (J 279: 1861/1896)	3	#poems3
#ce	firmest 	Poem 3 (J 279: 1861/1896)	3	#df16
#poems3	firmest 	Poem 3 (J 279: 1861/1896)	3	#fh
#poems3	firmest 	Poem 3 (J 279: 1861/1896)	3	#ce
#poems3	firmest 	Poem 3 (J 279: 1861/1896)	3	#df16
#df16	firmest 	Poem 3 (J 279: 1861/1896)	3	#fh
#df16	firmest 	Poem 3 (J 279: 1861/1896)	3	#ce
#df16	firmest 	Poem 3 (J 279: 1861/1896)	3	#poems3
#df16	side—	Poem 3 (J 279: 1861/1896)	1	#fh
#fh	side—	Poem 3 (J 279: 1861/1896)	1	#df16
#poems3	side,	Poem 3 (J 279: 1861/1896)	1	#ce
#ce	side,	Poem 3 (J 279: 1861/1896)	1	#poems3
#df16	So I shall never fall—	Poem 3 (J 279: 1861/1896)	1	#fh
#fh	So I shall never fall—	Poem 3 (J 279: 1861/1896)	1	#df16
#ce	So I shall never fall;	Poem 3 (J 279: 1861/1896)	1	#poems3
#poems3	So I shall never fall;	Poem 3 (J 279: 1861/1896)	1	#ce
#df16	—	Poem 3 (J 279: 1861/1896)	1	#fh
#fh	—	Poem 3 (J 279: 1861/1896)	1	#df16
#ce	,	Poem 3 (J 279: 1861/1896)	1	#poems3
#poems3	,	Poem 3 (J 279: 1861/1896)	1	#ce
#fh	And it's partly, down Hill—	Poem 3 (J 279: 1861/1896)	1	#df16
#df16	And it's partly, down Hill—	Poem 3 (J 279: 1861/1896)	1	#fh
#ce	And it's partly down hill.	Poem 3 (J 279: 1861/1896)	1	#poems3
#poems3	And it's partly down hill.	Poem 3 (J 279: 1861/1896)	1	#ce
#ce	never I	Poem 3 (J 279: 1861/1896)	2	#fh
#ce	never I	Poem 3 (J 279: 1861/1896)	2	#poems3
#fh	never I	Poem 3 (J 279: 1861/1896)	2	#ce
#fh	never I	Poem 3 (J 279: 1861/1896)	2	#poems3
#poems3	never I	Poem 3 (J 279: 1861/1896)	2	#ce
#poems3	never I	Poem 3 (J 279: 1861/1896)	2	#fh
#ce	bridges,	Poem 3 (J 279: 1861/1896)	1	#poems3
#poems3	bridges,	Poem 3 (J 279: 1861/1896)	1	#ce
#df16	And never I mind the Sea—	Poem 3 (J 279: 1861/1896)	1	#fh
#fh	And never I mind the Sea—	Poem 3 (J 279: 1861/1896)	1	#df16
#ce	And never I mind the sea;	Poem 3 (J 279: 1861/1896)	1	#poems3
#poems3	And never I mind the sea;	Poem 3 (J 279: 1861/1896)	1	#ce
#df16	Everlasting Race—	Poem 3 (J 279: 1861/1896)	1	#fh
#fh	Everlasting Race—	Poem 3 (J 279: 1861/1896)	1	#df16
#ce	everlasting race	Poem 3 (J 279: 1861/1896)	1	#poems3
#poems3	everlasting race	Poem 3 (J 279: 1861/1896)	1	#ce
#df16	By my own Choice, and Thee—	Poem 3 (J 279: 1861/1896)	1	#fh
#fh	By my own Choice, and Thee—	Poem 3 (J 279: 1861/1896)	1	#df16
#ce	By my own choice and thee.	Poem 3 (J 279: 1861/1896)	1	#poems3
#poems3	By my own choice and thee.	Poem 3 (J 279: 1861/1896)	1	#ce
#df16	Goodbye to the Life I used to live—	Poem 3 (J 279: 1861/1896)	1	#fh
#fh	Goodbye to the Life I used to live—	Poem 3 (J 279: 1861/1896)	1	#df16
#ce	Good-by to the life I used to live,	Poem 3 (J 279: 1861/1896)	1	#poems3
#poems3	Good-by to the life I used to live,	Poem 3 (J 279: 1861/1896)	1	#ce
#df16	And the World I used to know—	Poem 3 (J 279: 1861/1896)	1	#fh
#fh	And the World I used to know—	Poem 3 (J 279: 1861/1896)	1	#df16
#ce	And the world I used to know;	Poem 3 (J 279: 1861/1896)	1	#poems3
#poems3	And the world I used to know;	Poem 3 (J 279: 1861/1896)	1	#ce
#df16	And kiss the Hills, for me, just once—	Poem 3 (J 279: 1861/1896)	1	#fh
#fh	And kiss the Hills, for me, just once—	Poem 3 (J 279: 1861/1896)	1	#df16
#ce	And kiss the hills for me, just once;	Poem 3 (J 279: 1861/1896)	1	#poems3
#poems3	And kiss the hills for me, just once;	Poem 3 (J 279: 1861/1896)	1	#ce
#fh	Then—	Poem 3 (J 279: 1861/1896)	1	#df16
#df16	Then—	Poem 3 (J 279: 1861/1896)	1	#fh
#ce	Now	Poem 3 (J 279: 1861/1896)	2	#poems3
#ce	Now	Poem 3 (J 279: 1861/1896)	2	#df16
#poems3	Now	Poem 3 (J 279: 1861/1896)	2	#ce
#poems3	Now	Poem 3 (J 279: 1861/1896)	2	#df16
#df16	Now	Poem 3 (J 279: 1861/1896)	2	#ce
#df16	Now	Poem 3 (J 279: 1861/1896)	2	#poems3
#df16	time, last year, I died.	Fascicle 16: Poem 9 (J 445: 1862/1896)	1	#fh
#fh	time, last year, I died.	Fascicle 16: Poem 9 (J 445: 1862/1896)	1	#df16
#poems3	time last year I died.	Fascicle 16: Poem 9 (J 445: 1862/1896)	1	#ce
#ce	time last year I died.	Fascicle 16: Poem 9 (J 445: 1862/1896)	1	#poems3
#df16	Corn,	Fascicle 16: Poem 9 (J 445: 1862/1896)	1	#fh
#fh	Corn,	Fascicle 16: Poem 9 (J 445: 1862/1896)	1	#df16
#poems3	corn,	Fascicle 16: Poem 9 (J 445: 1862/1896)	1	#ce
#ce	corn,	Fascicle 16: Poem 9 (J 445: 1862/1896)	1	#poems3
#df16	Farms—	Fascicle 16: Poem 9 (J 445: 1862/1896)	1	#fh
#fh	Farms—	Fascicle 16: Poem 9 (J 445: 1862/1896)	1	#df16
#poems3	farms,—	Fascicle 16: Poem 9 (J 445: 1862/1896)	1	#ce
#ce	farms,—	Fascicle 16: Poem 9 (J 445: 1862/1896)	1	#poems3
#df16	Tassels on—	Fascicle 16: Poem 9 (J 445: 1862/1896)	1	#fh
#fh	Tassels on—	Fascicle 16: Poem 9 (J 445: 1862/1896)	1	#df16
#poems3	tassels on.	Fascicle 16: Poem 9 (J 445: 1862/1896)	1	#ce
#ce	tassels on.	Fascicle 16: Poem 9 (J 445: 1862/1896)	1	#poems3
#df16	look—	Fascicle 16: Poem 9 (J 445: 1862/1896)	1	#fh
#fh	look—	Fascicle 16: Poem 9 (J 445: 1862/1896)	1	#df16
#poems3	look	Fascicle 16: Poem 9 (J 445: 1862/1896)	1	#ce
#ce	look	Fascicle 16: Poem 9 (J 445: 1862/1896)	1	#poems3
#df16	mill—	Fascicle 16: Poem 9 (J 445: 1862/1896)	1	#fh
#fh	mill—	Fascicle 16: Poem 9 (J 445: 1862/1896)	1	#df16
#poems3	mill ;	Fascicle 16: Poem 9 (J 445: 1862/1896)	1	#ce
#ce	mill ;	Fascicle 16: Poem 9 (J 445: 1862/1896)	1	#poems3
#df16	then,	Fascicle 16: Poem 9 (J 445: 1862/1896)	1	#fh
#fh	then,	Fascicle 16: Poem 9 (J 445: 1862/1896)	1	#df16
#poems3	then	Fascicle 16: Poem 9 (J 445: 1862/1896)	1	#ce
#ce	then	Fascicle 16: Poem 9 (J 445: 1862/1896)	1	#poems3
#df16	Red—Apples wedged	Fascicle 16: Poem 9 (J 445: 1862/1896)	1	#fh
#fh	Red—Apples wedged	Fascicle 16: Poem 9 (J 445: 1862/1896)	1	#df16
#poems3	red apples wedged	Fascicle 16: Poem 9 (J 445: 1862/1896)	1	#ce
#ce	red apples wedged	Fascicle 16: Poem 9 (J 445: 1862/1896)	1	#poems3
#df16	Stubble's joints between—	Fascicle 16: Poem 9 (J 445: 1862/1896)	1	#fh
#fh	Stubble's joints between—	Fascicle 16: Poem 9 (J 445: 1862/1896)	1	#df16
#poems3	stubble's joints between ;	Fascicle 16: Poem 9 (J 445: 1862/1896)	1	#ce
#ce	stubble's joints between ;	Fascicle 16: Poem 9 (J 445: 1862/1896)	1	#poems3
#poems3	And carts went	Fascicle 16: Poem 9 (J 445: 1862/1896)	1	#ce
#ce	And carts went	Fascicle 16: Poem 9 (J 445: 1862/1896)	1	#poems3
#df16	in—	Fascicle 16: Poem 9 (J 445: 1862/1896)	1	#fh
#fh	in—	Fascicle 16: Poem 9 (J 445: 1862/1896)	1	#df16
#poems3	in.	Fascicle 16: Poem 9 (J 445: 1862/1896)	1	#ce
#ce	in.	Fascicle 16: Poem 9 (J 445: 1862/1896)	1	#poems3
#df16	me, least,	Fascicle 16: Poem 9 (J 445: 1862/1896)	1	#fh
#fh	me, least,	Fascicle 16: Poem 9 (J 445: 1862/1896)	1	#df16
#poems3	me least,	Fascicle 16: Poem 9 (J 445: 1862/1896)	1	#ce
#ce	me least,	Fascicle 16: Poem 9 (J 445: 1862/1896)	1	#poems3
#df16	Thanksgiving, came,	Fascicle 16: Poem 9 (J 445: 1862/1896)	1	#fh
#fh	Thanksgiving, came,	Fascicle 16: Poem 9 (J 445: 1862/1896)	1	#df16
#poems3	Thanksgiving came,	Fascicle 16: Poem 9 (J 445: 1862/1896)	1	#ce
#ce	Thanksgiving came,	Fascicle 16: Poem 9 (J 445: 1862/1896)	1	#poems3
#df16	Father'd	Fascicle 16: Poem 9 (J 445: 1862/1896)	1	#fh
#fh	Father'd	Fascicle 16: Poem 9 (J 445: 1862/1896)	1	#df16
#poems3	father'd	Fascicle 16: Poem 9 (J 445: 1862/1896)	1	#ce
#ce	father'd	Fascicle 16: Poem 9 (J 445: 1862/1896)	1	#poems3
#df16	plates—	Fascicle 16: Poem 9 (J 445: 1862/1896)	1	#fh
#fh	plates—	Fascicle 16: Poem 9 (J 445: 1862/1896)	1	#df16
#poems3	plates	Fascicle 16: Poem 9 (J 445: 1862/1896)	1	#ce
#ce	plates	Fascicle 16: Poem 9 (J 445: 1862/1896)	1	#poems3
#df16	Sum—	Fascicle 16: Poem 9 (J 445: 1862/1896)	1	#fh
#fh	Sum—	Fascicle 16: Poem 9 (J 445: 1862/1896)	1	#df16
#poems3	sum.	Fascicle 16: Poem 9 (J 445: 1862/1896)	1	#ce
#ce	sum.	Fascicle 16: Poem 9 (J 445: 1862/1896)	1	#poems3
#df16	And would it blur the Christmas glee	Fascicle 16: Poem 9 (J 445: 1862/1896)	1	#fh
#fh	And would it blur the Christmas glee	Fascicle 16: Poem 9 (J 445: 1862/1896)	1	#df16
#poems3	And if my stocking hung too high,	Fascicle 16: Poem 9 (J 445: 1862/1896)	1	#ce
#ce	And if my stocking hung too high,	Fascicle 16: Poem 9 (J 445: 1862/1896)	1	#poems3
#df16	My Stocking hang too high	Fascicle 16: Poem 9 (J 445: 1862/1896)	1	#fh
#fh	My Stocking hang too high	Fascicle 16: Poem 9 (J 445: 1862/1896)	1	#df16
#poems3	Would it blur the Christmas glee,	Fascicle 16: Poem 9 (J 445: 1862/1896)	1	#ce
#ce	Would it blur the Christmas glee,	Fascicle 16: Poem 9 (J 445: 1862/1896)	1	#poems3
#df16	For any Santa Claus to reach	Fascicle 16: Poem 9 (J 445: 1862/1896)	1	#fh
#fh	For any Santa Claus to reach	Fascicle 16: Poem 9 (J 445: 1862/1896)	1	#df16
#poems3	That not a Santa Claus could reach	Fascicle 16: Poem 9 (J 445: 1862/1896)	1	#ce
#ce	That not a Santa Claus could reach	Fascicle 16: Poem 9 (J 445: 1862/1896)	1	#poems3
#df16	Altitude of me—	Fascicle 16: Poem 9 (J 445: 1862/1896)	1	#fh
#fh	Altitude of me—	Fascicle 16: Poem 9 (J 445: 1862/1896)	1	#df16
#poems3	altitude of me?	Fascicle 16: Poem 9 (J 445: 1862/1896)	1	#ce
#ce	altitude of me?	Fascicle 16: Poem 9 (J 445: 1862/1896)	1	#poems3
#df16	sort, grieved myself,	Fascicle 16: Poem 9 (J 445: 1862/1896)	1	#fh
#fh	sort, grieved myself,	Fascicle 16: Poem 9 (J 445: 1862/1896)	1	#df16
#poems3	sort grieved myself, and so	Fascicle 16: Poem 9 (J 445: 1862/1896)	1	#ce
#ce	sort grieved myself, and so	Fascicle 16: Poem 9 (J 445: 1862/1896)	1	#poems3
#df16	And so, I thought the other way,	Fascicle 16: Poem 9 (J 445: 1862/1896)	1	#fh
#fh	And so, I thought the other way,	Fascicle 16: Poem 9 (J 445: 1862/1896)	1	#df16
#poems3	I thought how it would be	Fascicle 16: Poem 9 (J 445: 1862/1896)	1	#ce
#ce	I thought how it would be	Fascicle 16: Poem 9 (J 445: 1862/1896)	1	#poems3
#df16	How	Fascicle 16: Poem 9 (J 445: 1862/1896)	1	#fh
#fh	How	Fascicle 16: Poem 9 (J 445: 1862/1896)	1	#df16
#poems3	When	Fascicle 16: Poem 9 (J 445: 1862/1896)	1	#ce
#ce	When	Fascicle 16: Poem 9 (J 445: 1862/1896)	1	#poems3
#df16	year—	Fascicle 16: Poem 9 (J 445: 1862/1896)	1	#fh
#fh	year—	Fascicle 16: Poem 9 (J 445: 1862/1896)	1	#df16
#poems3	year,	Fascicle 16: Poem 9 (J 445: 1862/1896)	1	#ce
#ce	year,	Fascicle 16: Poem 9 (J 445: 1862/1896)	1	#poems3
#df16	Themself,	Fascicle 16: Poem 9 (J 445: 1862/1896)	1	#fh
#fh	Themself,	Fascicle 16: Poem 9 (J 445: 1862/1896)	1	#df16
#poems3	Themselves	Fascicle 16: Poem 9 (J 445: 1862/1896)	1	#ce
#ce	Themselves	Fascicle 16: Poem 9 (J 445: 1862/1896)	1	#poems3
#df16	me—	Fascicle 16: Poem 9 (J 445: 1862/1896)	1	#fh
#fh	me—	Fascicle 16: Poem 9 (J 445: 1862/1896)	1	#df16
#poems3	me.	Fascicle 16: Poem 9 (J 445: 1862/1896)	1	#ce
#ce	me.	Fascicle 16: Poem 9 (J 445: 1862/1896)	1	#poems3
#ce	,	Poem 1 (J 327: 1862/1891)	1	#poems2
#poems2	,	Poem 1 (J 327: 1862/1891)	1	#ce
#df16	Creatures,	Poem 1 (J 327: 1862/1891)	1	#fh
#fh	Creatures,	Poem 1 (J 327: 1862/1891)	1	#df16
#ce	creatures	Poem 1 (J 327: 1862/1891)	1	#poems2
#poems2	creatures	Poem 1 (J 327: 1862/1891)	1	#ce
#ce	eyes,	Poem 1 (J 327: 1862/1891)	1	#poems2
#poems2	eyes,	Poem 1 (J 327: 1862/1891)	1	#ce
#df16	—	Poem 1 (J 327: 1862/1891)	1	#fh
#fh	—	Poem 1 (J 327: 1862/1891)	1	#df16
#ce	.	Poem 1 (J 327: 1862/1891)	1	#poems2
#poems2	.	Poem 1 (J 327: 1862/1891)	1	#ce
#ce	, to-day,	Poem 1 (J 327: 1862/1891)	1	#poems2
#poems2	, to-day,	Poem 1 (J 327: 1862/1891)	1	#ce
#fh	sky	Poem 1 (J 327: 1862/1891)	2	#ce
#fh	sky	Poem 1 (J 327: 1862/1891)	2	#poems2
#ce	sky	Poem 1 (J 327: 1862/1891)	2	#fh
#ce	sky	Poem 1 (J 327: 1862/1891)	2	#poems2
#poems2	sky	Poem 1 (J 327: 1862/1891)	2	#fh
#poems2	sky	Poem 1 (J 327: 1862/1891)	2	#ce
#df16	,	Poem 1 (J 327: 1862/1891)	2	#ce
#df16	,	Poem 1 (J 327: 1862/1891)	2	#poems2
#ce	,	Poem 1 (J 327: 1862/1891)	2	#df16
#ce	,	Poem 1 (J 327: 1862/1891)	2	#poems2
#poems2	,	Poem 1 (J 327: 1862/1891)	2	#df16
#poems2	,	Poem 1 (J 327: 1862/1891)	2	#ce
#df16	Heart	Poem 1 (J 327: 1862/1891)	1	#fh
#fh	Heart	Poem 1 (J 327: 1862/1891)	1	#df16
#ce	heart	Poem 1 (J 327: 1862/1891)	1	#poems2
#poems2	heart	Poem 1 (J 327: 1862/1891)	1	#ce
#df16	—	Poem 1 (J 327: 1862/1891)	1	#fh
#fh	—	Poem 1 (J 327: 1862/1891)	1	#df16
#ce	.	Poem 1 (J 327: 1862/1891)	1	#poems2
#poems2	.	Poem 1 (J 327: 1862/1891)	1	#ce
#df16	The Meadows—mine—	Poem 1 (J 327: 1862/1891)	1	#fh
#fh	The Meadows—mine—	Poem 1 (J 327: 1862/1891)	1	#df16
#ce	The meadows mine, the mountains mine,—	Poem 1 (J 327: 1862/1891)	1	#poems2
#poems2	The meadows mine, the mountains mine,—	Poem 1 (J 327: 1862/1891)	1	#ce
#df16	The Mountains—mine—	Poem 1 (J 327: 1862/1891)	1	#fh
#fh	The Mountains—mine—	Poem 1 (J 327: 1862/1891)	1	#df16
#df16	All Forests—Stintless Stars—	Poem 1 (J 327: 1862/1891)	1	#fh
#fh	All Forests—Stintless Stars—	Poem 1 (J 327: 1862/1891)	1	#df16
#ce	All forests, stintless stars,	Poem 1 (J 327: 1862/1891)	1	#poems2
#poems2	All forests, stintless stars,	Poem 1 (J 327: 1862/1891)	1	#ce
#ce	noon as I could take	Poem 1 (J 327: 1862/1891)	1	#poems2
#poems2	noon as I could take	Poem 1 (J 327: 1862/1891)	1	#ce
#ce	eyes.	Poem 1 (J 327: 1862/1891)	1	#poems2
#poems2	eyes.	Poem 1 (J 327: 1862/1891)	1	#ce
#df16	The Motions of the Dipping Birds—	Poem 1 (J 327: 1862/1891)	1	#fh
#fh	The Motions of the Dipping Birds—	Poem 1 (J 327: 1862/1891)	1	#df16
#ce	The motions of the dipping birds,	Poem 1 (J 327: 1862/1891)	1	#poems2
#poems2	The motions of the dipping birds,	Poem 1 (J 327: 1862/1891)	1	#ce
#ce	lightning's jointed road,	Poem 1 (J 327: 1862/1891)	1	#poems2
#poems2	lightning's jointed road,	Poem 1 (J 327: 1862/1891)	1	#ce
#fh	Morning's Amber Road—	Poem 1 (J 327: 1862/1891)	1	#df16
#df16	Morning's Amber Road—	Poem 1 (J 327: 1862/1891)	1	#fh
#df16	For mine—to look at when I liked	Poem 1 (J 327: 1862/1891)	1	#fh
#fh	For mine—to look at when I liked	Poem 1 (J 327: 1862/1891)	1	#df16
#ce	For mine to look at when I liked,	Poem 1 (J 327: 1862/1891)	1	#poems2
#poems2	For mine to look at when I liked,	Poem 1 (J 327: 1862/1891)	1	#ce
#fh	—	Poem 1 (J 327: 1862/1891)	2	#ce
#fh	—	Poem 1 (J 327: 1862/1891)	2	#poems2
#ce	—	Poem 1 (J 327: 1862/1891)	2	#fh
#ce	—	Poem 1 (J 327: 1862/1891)	2	#poems2
#poems2	—	Poem 1 (J 327: 1862/1891)	2	#fh
#poems2	—	Poem 1 (J 327: 1862/1891)	2	#ce
#df16	news	Poem 1 (J 327: 1862/1891)	2	#ce
#df16	news	Poem 1 (J 327: 1862/1891)	2	#poems2
#ce	news	Poem 1 (J 327: 1862/1891)	2	#df16
#ce	news	Poem 1 (J 327: 1862/1891)	2	#poems2
#poems2	news	Poem 1 (J 327: 1862/1891)	2	#df16
#poems2	news	Poem 1 (J 327: 1862/1891)	2	#ce
#df16	—	Poem 1 (J 327: 1862/1891)	1	#fh
#fh	—	Poem 1 (J 327: 1862/1891)	1	#df16
#df16	So safer—guess—	Poem 1 (J 327: 1862/1891)	1	#fh
#fh	So safer—guess—	Poem 1 (J 327: 1862/1891)	1	#df16
#ce	So, safer, guess, 	Poem 1 (J 327: 1862/1891)	1	#poems2
#poems2	So, safer, guess, 	Poem 1 (J 327: 1862/1891)	1	#ce
#ce	window-pane	Poem 1 (J 327: 1862/1891)	1	#poems2
#poems2	window-pane	Poem 1 (J 327: 1862/1891)	1	#ce
#df16	Creatures	Poem 1 (J 327: 1862/1891)	1	#fh
#fh	Creatures	Poem 1 (J 327: 1862/1891)	1	#df16
#ce	creatures	Poem 1 (J 327: 1862/1891)	1	#poems2
#poems2	creatures	Poem 1 (J 327: 1862/1891)	1	#ce
#ce	eyes,	Poem 1 (J 327: 1862/1891)	1	#poems2
#poems2	eyes,	Poem 1 (J 327: 1862/1891)	1	#ce
#fh	—	Poem 1 (J 327: 1862/1891)	1	#df16
#df16	—	Poem 1 (J 327: 1862/1891)	1	#fh
#ce		Poem 1 (J 327: 1862/1891)	1	#poems2
#poems2		Poem 1 (J 327: 1862/1891)	1	#ce
#df16	Sun—	Poem 1 (J 327: 1862/1891)	1	#fh
#fh	Sun—	Poem 1 (J 327: 1862/1891)	1	#df16
#ce	sun.	Poem 1 (J 327: 1862/1891)	1	#poems2
#poems2	sun.	Poem 1 (J 327: 1862/1891)	1	#ce
#fp	sundered things	Poem 2. (J 607: 1862/1929)	2	#am
#fp	sundered things	Poem 2. (J 607: 1862/1929)	2	#ce
#am	sundered things	Poem 2. (J 607: 1862/1929)	2	#fp
#am	sundered things	Poem 2. (J 607: 1862/1929)	2	#ce
#ce	sundered things	Poem 2. (J 607: 1862/1929)	2	#fp
#ce	sundered things	Poem 2. (J 607: 1862/1929)	2	#am
#df16	—	Poem 2. (J 607: 1862/1929)	1	#fh
#fh	—	Poem 2. (J 607: 1862/1929)	1	#df16
#fp	,	Poem 2. (J 607: 1862/1929)	2	#am
#fp	,	Poem 2. (J 607: 1862/1929)	2	#ce
#am	,	Poem 2. (J 607: 1862/1929)	2	#fp
#am	,	Poem 2. (J 607: 1862/1929)	2	#ce
#ce	,	Poem 2. (J 607: 1862/1929)	2	#fp
#ce	,	Poem 2. (J 607: 1862/1929)	2	#am
#df16	—	Poem 2. (J 607: 1862/1929)	1	#fh
#fh	—	Poem 2. (J 607: 1862/1929)	1	#df16
#ce		Poem 2. (J 607: 1862/1929)	2	#fp
#ce		Poem 2. (J 607: 1862/1929)	2	#am
#fp		Poem 2. (J 607: 1862/1929)	2	#ce
#fp		Poem 2. (J 607: 1862/1929)	2	#am
#am		Poem 2. (J 607: 1862/1929)	2	#ce
#am		Poem 2. (J 607: 1862/1929)	2	#fp
#df16	Oddity—	Poem 2. (J 607: 1862/1929)	1	#fh
#fh	Oddity—	Poem 2. (J 607: 1862/1929)	1	#df16
#am	Oddity,	Poem 2. (J 607: 1862/1929)	1	#ce
#ce	Oddity,	Poem 2. (J 607: 1862/1929)	1	#am
#df16	Distinctness—easy—seems—	Poem 2. (J 607: 1862/1929)	1	#fh
#fh	Distinctness—easy—seems—	Poem 2. (J 607: 1862/1929)	1	#df16
#ce	Distinctness easy seems.	Poem 2. (J 607: 1862/1929)	2	#fp
#ce	Distinctness easy seems.	Poem 2. (J 607: 1862/1929)	2	#am
#fp	Distinctness easy seems.	Poem 2. (J 607: 1862/1929)	2	#ce
#fp	Distinctness easy seems.	Poem 2. (J 607: 1862/1929)	2	#am
#am	Distinctness easy seems.	Poem 2. (J 607: 1862/1929)	2	#ce
#am	Distinctness easy seems.	Poem 2. (J 607: 1862/1929)	2	#fp
#df16	Shapes	Poem 2. (J 607: 1862/1929)	1	#fh
#fh	Shapes	Poem 2. (J 607: 1862/1929)	1	#df16
#fp	shapes	Poem 2. (J 607: 1862/1929)	2	#am
#fp	shapes	Poem 2. (J 607: 1862/1929)	2	#ce
#am	shapes	Poem 2. (J 607: 1862/1929)	2	#fp
#am	shapes	Poem 2. (J 607: 1862/1929)	2	#ce
#ce	shapes	Poem 2. (J 607: 1862/1929)	2	#fp
#ce	shapes	Poem 2. (J 607: 1862/1929)	2	#am
#df16	buried, dwell about,	Poem 2. (J 607: 1862/1929)	1	#fh
#fh	buried, dwell about,	Poem 2. (J 607: 1862/1929)	1	#df16
#fp	buried dwell about.	Poem 2. (J 607: 1862/1929)	1	#am
#am	buried dwell about.	Poem 2. (J 607: 1862/1929)	1	#fp
#df16	,	Poem 2. (J 607: 1862/1929)	1	#fh
#fh	,	Poem 2. (J 607: 1862/1929)	1	#df16
#am		Poem 2. (J 607: 1862/1929)	2	#ce
#am		Poem 2. (J 607: 1862/1929)	2	#fp
#ce		Poem 2. (J 607: 1862/1929)	2	#am
#ce		Poem 2. (J 607: 1862/1929)	2	#fp
#fp		Poem 2. (J 607: 1862/1929)	2	#am
#fp		Poem 2. (J 607: 1862/1929)	2	#ce
#df16	Rooms—	Poem 2. (J 607: 1862/1929)	1	#fh
#fh	Rooms—	Poem 2. (J 607: 1862/1929)	1	#df16
#ce	rooms,	Poem 2. (J 607: 1862/1929)	2	#fp
#ce	rooms,	Poem 2. (J 607: 1862/1929)	2	#am
#fp	rooms,	Poem 2. (J 607: 1862/1929)	2	#ce
#fp	rooms,	Poem 2. (J 607: 1862/1929)	2	#am
#am	rooms,	Poem 2. (J 607: 1862/1929)	2	#ce
#am	rooms,	Poem 2. (J 607: 1862/1929)	2	#fp
#df16	Sepulchre,	Poem 2. (J 607: 1862/1929)	1	#fh
#fh	Sepulchre,	Poem 2. (J 607: 1862/1929)	1	#df16
#ce	sepulchre	Poem 2. (J 607: 1862/1929)	1	#am
#am	sepulchre	Poem 2. (J 607: 1862/1929)	1	#ce
#fh	The	Poem 2. (J 607: 1862/1929)	1	#df16
#df16	The	Poem 2. (J 607: 1862/1929)	1	#fh
#ce	Our	Poem 2. (J 607: 1862/1929)	3	#fp
#ce	Our	Poem 2. (J 607: 1862/1929)	3	#am
#ce	Our	Poem 2. (J 607: 1862/1929)	3	#df16
#fp	Our	Poem 2. (J 607: 1862/1929)	3	#ce
#fp	Our	Poem 2. (J 607: 1862/1929)	3	#am
#fp	Our	Poem 2. (J 607: 1862/1929)	3	#df16
#am	Our	Poem 2. (J 607: 1862/1929)	3	#ce
#am	Our	Poem 2. (J 607: 1862/1929)	3	#fp
#am	Our	Poem 2. (J 607: 1862/1929)	3	#df16
#df16	Our	Poem 2. (J 607: 1862/1929)	3	#ce
#df16	Our	Poem 2. (J 607: 1862/1929)	3	#fp
#df16	Our	Poem 2. (J 607: 1862/1929)	3	#am
#df16	Mouldering Playmate comes—	Poem 2. (J 607: 1862/1929)	1	#fh
#fh	Mouldering Playmate comes—	Poem 2. (J 607: 1862/1929)	1	#df16
#ce	moldering playmate comes	Poem 2. (J 607: 1862/1929)	2	#fp
#ce	moldering playmate comes	Poem 2. (J 607: 1862/1929)	2	#am
#fp	moldering playmate comes	Poem 2. (J 607: 1862/1929)	2	#ce
#fp	moldering playmate comes	Poem 2. (J 607: 1862/1929)	2	#am
#am	moldering playmate comes	Poem 2. (J 607: 1862/1929)	2	#ce
#am	moldering playmate comes	Poem 2. (J 607: 1862/1929)	2	#fp
#df16	Jacket that he wore—	Poem 2. (J 607: 1862/1929)	1	#fh
#fh	Jacket that he wore—	Poem 2. (J 607: 1862/1929)	1	#df16
#ce	jacket that he wore,	Poem 2. (J 607: 1862/1929)	2	#fp
#ce	jacket that he wore,	Poem 2. (J 607: 1862/1929)	2	#am
#fp	jacket that he wore,	Poem 2. (J 607: 1862/1929)	2	#ce
#fp	jacket that he wore,	Poem 2. (J 607: 1862/1929)	2	#am
#am	jacket that he wore,	Poem 2. (J 607: 1862/1929)	2	#ce
#am	jacket that he wore,	Poem 2. (J 607: 1862/1929)	2	#fp
#df16	Mold	Poem 2. (J 607: 1862/1929)	1	#fh
#fh	Mold	Poem 2. (J 607: 1862/1929)	1	#df16
#ce	mold,	Poem 2. (J 607: 1862/1929)	2	#fp
#ce	mold,	Poem 2. (J 607: 1862/1929)	2	#am
#fp	mold,	Poem 2. (J 607: 1862/1929)	2	#ce
#fp	mold,	Poem 2. (J 607: 1862/1929)	2	#am
#am	mold,	Poem 2. (J 607: 1862/1929)	2	#ce
#am	mold,	Poem 2. (J 607: 1862/1929)	2	#fp
#df16	Since we—old mornings, Children—played—	Poem 2. (J 607: 1862/1929)	1	#fh
#fh	Since we—old mornings, Children—played—	Poem 2. (J 607: 1862/1929)	1	#df16
#ce	Since we, old mornings, children played,	Poem 2. (J 607: 1862/1929)	2	#fp
#ce	Since we, old mornings, children played,	Poem 2. (J 607: 1862/1929)	2	#am
#fp	Since we, old mornings, children played,	Poem 2. (J 607: 1862/1929)	2	#ce
#fp	Since we, old mornings, children played,	Poem 2. (J 607: 1862/1929)	2	#am
#am	Since we, old mornings, children played,	Poem 2. (J 607: 1862/1929)	2	#ce
#am	Since we, old mornings, children played,	Poem 2. (J 607: 1862/1929)	2	#fp
#df16	Divided—by a world—	Poem 2. (J 607: 1862/1929)	1	#fh
#fh	Divided—by a world—	Poem 2. (J 607: 1862/1929)	1	#df16
#ce	Divided by a world.	Poem 2. (J 607: 1862/1929)	2	#fp
#ce	Divided by a world.	Poem 2. (J 607: 1862/1929)	2	#am
#fp	Divided by a world.	Poem 2. (J 607: 1862/1929)	2	#ce
#fp	Divided by a world.	Poem 2. (J 607: 1862/1929)	2	#am
#am	Divided by a world.	Poem 2. (J 607: 1862/1929)	2	#ce
#am	Divided by a world.	Poem 2. (J 607: 1862/1929)	2	#fp
#df16	The Grave yields back her Robberies—	Poem 2. (J 607: 1862/1929)	1	#fh
#fh	The Grave yields back her Robberies—	Poem 2. (J 607: 1862/1929)	1	#df16
#fp	The grave yields back her robberies,	Poem 2. (J 607: 1862/1929)	2	#ce
#fp	The grave yields back her robberies,	Poem 2. (J 607: 1862/1929)	2	#am
#ce	The grave yields back her robberies,	Poem 2. (J 607: 1862/1929)	2	#fp
#ce	The grave yields back her robberies,	Poem 2. (J 607: 1862/1929)	2	#am
#am	The grave yields back her robberies,	Poem 2. (J 607: 1862/1929)	2	#fp
#am	The grave yields back her robberies,	Poem 2. (J 607: 1862/1929)	2	#ce
#df16	The Years, our pilfered Things—	Poem 2. (J 607: 1862/1929)	1	#fh
#fh	The Years, our pilfered Things—	Poem 2. (J 607: 1862/1929)	1	#df16
#fp	The years are pilfered things,	Poem 2. (J 607: 1862/1929)	2	#ce
#fp	The years are pilfered things,	Poem 2. (J 607: 1862/1929)	2	#am
#ce	The years are pilfered things,	Poem 2. (J 607: 1862/1929)	2	#fp
#ce	The years are pilfered things,	Poem 2. (J 607: 1862/1929)	2	#am
#am	The years are pilfered things,	Poem 2. (J 607: 1862/1929)	2	#fp
#am	The years are pilfered things,	Poem 2. (J 607: 1862/1929)	2	#ce
#df16	Bright Knots of Apparitions	Poem 2. (J 607: 1862/1929)	1	#fh
#fh	Bright Knots of Apparitions	Poem 2. (J 607: 1862/1929)	1	#df16
#ce	Bright knots of apparitions	Poem 2. (J 607: 1862/1929)	2	#fp
#ce	Bright knots of apparitions	Poem 2. (J 607: 1862/1929)	2	#am
#fp	Bright knots of apparitions	Poem 2. (J 607: 1862/1929)	2	#ce
#fp	Bright knots of apparitions	Poem 2. (J 607: 1862/1929)	2	#am
#am	Bright knots of apparitions	Poem 2. (J 607: 1862/1929)	2	#ce
#am	Bright knots of apparitions	Poem 2. (J 607: 1862/1929)	2	#fp
#df16	As we—it were—that perished—	Poem 2. (J 607: 1862/1929)	1	#fh
#fh	As we—it were—that perished—	Poem 2. (J 607: 1862/1929)	1	#df16
#fp	As we it were that perished,	Poem 2. (J 607: 1862/1929)	2	#ce
#fp	As we it were that perished,	Poem 2. (J 607: 1862/1929)	2	#am
#ce	As we it were that perished,	Poem 2. (J 607: 1862/1929)	2	#fp
#ce	As we it were that perished,	Poem 2. (J 607: 1862/1929)	2	#am
#am	As we it were that perished,	Poem 2. (J 607: 1862/1929)	2	#fp
#am	As we it were that perished,	Poem 2. (J 607: 1862/1929)	2	#ce
#df16	Themself—had just remained till we rejoin them—	Poem 2. (J 607: 1862/1929)	1	#fh
#fh	Themself—had just remained till we rejoin them—	Poem 2. (J 607: 1862/1929)	1	#df16
#fp	Themselves had just remained	Poem 2. (J 607: 1862/1929)	2	#ce
#fp	Themselves had just remained	Poem 2. (J 607: 1862/1929)	2	#am
#ce	Themselves had just remained	Poem 2. (J 607: 1862/1929)	2	#fp
#ce	Themselves had just remained	Poem 2. (J 607: 1862/1929)	2	#am
#am	Themselves had just remained	Poem 2. (J 607: 1862/1929)	2	#fp
#am	Themselves had just remained	Poem 2. (J 607: 1862/1929)	2	#ce
#df16	And 'twas they, and not ourself	Poem 2. (J 607: 1862/1929)	1	#fh
#fh	And 'twas they, and not ourself	Poem 2. (J 607: 1862/1929)	1	#df16
#am	Till we rejoin them,	Poem 2. (J 607: 1862/1929)	1	#fp
#fp	Till we rejoin them,	Poem 2. (J 607: 1862/1929)	1	#am
#df16	That mourned.	Poem 2. (J 607: 1862/1929)	3	#fp
#df16	That mourned.	Poem 2. (J 607: 1862/1929)	3	#fh
#df16	That mourned.	Poem 2. (J 607: 1862/1929)	3	#am
#fp	That mourned.	Poem 2. (J 607: 1862/1929)	3	#df16
#fp	That mourned.	Poem 2. (J 607: 1862/1929)	3	#fh
#fp	That mourned.	Poem 2. (J 607: 1862/1929)	3	#am
#fh	That mourned.	Poem 2. (J 607: 1862/1929)	3	#df16
#fh	That mourned.	Poem 2. (J 607: 1862/1929)	3	#fp
#fh	That mourned.	Poem 2. (J 607: 1862/1929)	3	#am
#am	That mourned.	Poem 2. (J 607: 1862/1929)	3	#df16
#am	That mourned.	Poem 2. (J 607: 1862/1929)	3	#fp
#am	That mourned.	Poem 2. (J 607: 1862/1929)	3	#fh