#bm	so	1	#CP
#CP	so	1	#bm
#df6	Wise Men	1	#CP
#CP	Wise Men	1	#df6
#bm	Mansions	1	#CP
#CP	Mansions	1	#bm
#df6	!	1	#CP
#CP	!	1	#df6
#bm	exclude	1	#CP
#CP	exclude	1	#bm
#df6	!	1	#CP
#CP	!	1	#df6
#bm	don't	1	#CP
#CP	don't	1	#bm
#df6	; 	1	#CP
#CP	; 	1	#df6
#df6	!	1	#CP
#CP	!	1	#df6
#df6	children	1	#bm
#bm	children	1	#df6
#df6	—	1	#CP
#CP	—	1	#df6
#df6	,	1	#CP
#CP	,	1	#df6
#bm	even	1	#CP
#CP	even	1	#bm
#ce	flagons	2	#CP
#ce	flagons	2	#fh
#CP	flagons	2	#ce
#CP	flagons	2	#fh
#fh	flagons	2	#ce
#fh	flagons	2	#CP
#df6		1	#CP
#CP		1	#df6
#df6	Dew	2	#CP
#df6	Dew	2	#fh
#CP	Dew	2	#df6
#CP	Dew	2	#fh
#fh	Dew	2	#df6
#fh	Dew	2	#CP
#df6	,	2	#CP
#df6	,	2	#fh
#CP	,	2	#df6
#CP	,	2	#fh
#fh	,	2	#df6
#fh	,	2	#CP
#df6	—	2	#CP
#df6	—	2	#fh
#CP	—	2	#df6
#CP	—	2	#fh
#fh	—	2	#df6
#fh	—	2	#CP
#df6	Robin's	2	#CP
#df6	Robin's	2	#fh
#CP	Robin's	2	#df6
#CP	Robin's	2	#fh
#fh	Robin's	2	#df6
#fh	Robin's	2	#CP
#ce	ecstasy	2	#CP
#ce	ecstasy	2	#fh
#CP	ecstasy	2	#ce
#CP	ecstasy	2	#fh
#fh	ecstasy	2	#ce
#fh	ecstasy	2	#CP
#df6	—	2	#CP
#df6	—	2	#fh
#CP	—	2	#df6
#CP	—	2	#fh
#fh	—	2	#df6
#fh	—	2	#CP
#df6	Tortoise	2	#CP
#df6	Tortoise	2	#fh
#CP	Tortoise	2	#df6
#CP	Tortoise	2	#fh
#fh	Tortoise	2	#df6
#fh	Tortoise	2	#CP
#df6	—	2	#CP
#df6	—	2	#fh
#CP	—	2	#df6
#CP	—	2	#fh
#fh	—	2	#df6
#fh	—	2	#CP
#df6	Bee	2	#CP
#df6	Bee	2	#fh
#CP	Bee	2	#df6
#CP	Bee	2	#fh
#fh	Bee	2	#df6
#fh	Bee	2	#CP
#df6	,	2	#CP
#df6	,	2	#fh
#CP	,	2	#df6
#CP	,	2	#fh
#fh	,	2	#df6
#fh	,	2	#CP
#df6	Debauchee	2	#CP
#df6	Debauchee	2	#fh
#CP	Debauchee	2	#df6
#CP	Debauchee	2	#fh
#fh	Debauchee	2	#df6
#fh	Debauchee	2	#CP
#df6	Dews	2	#CP
#df6	Dews	2	#fh
#CP	Dews	2	#df6
#CP	Dews	2	#fh
#fh	Dews	2	#df6
#fh	Dews	2	#CP
#df6	Rainbow's	2	#CP
#df6	Rainbow's	2	#fh
#CP	Rainbow's	2	#df6
#CP	Rainbow's	2	#fh
#fh	Rainbow's	2	#df6
#fh	Rainbow's	2	#CP
#df6	—	2	#CP
#df6	—	2	#fh
#CP	—	2	#df6
#CP	—	2	#fh
#fh	—	2	#df6
#fh	—	2	#CP
#df6		2	#CP
#df6		2	#fh
#CP		2	#df6
#CP		2	#fh
#fh		2	#df6
#fh		2	#CP
#df6	House	2	#CP
#df6	House	2	#fh
#CP	House	2	#df6
#CP	House	2	#fh
#fh	House	2	#df6
#fh	House	2	#CP
#df6		2	#CP
#df6		2	#fh
#CP		2	#df6
#CP		2	#fh
#fh		2	#df6
#fh		2	#CP
#df6	Pomposity	2	#CP
#df6	Pomposity	2	#fh
#CP	Pomposity	2	#df6
#CP	Pomposity	2	#fh
#fh	Pomposity	2	#df6
#fh	Pomposity	2	#CP
#df6	Couch	2	#CP
#df6	Couch	2	#fh
#CP	Couch	2	#df6
#CP	Couch	2	#fh
#fh	Couch	2	#df6
#fh	Couch	2	#CP
#df6	,	2	#CP
#df6	,	2	#fh
#CP	,	2	#df6
#CP	,	2	#fh
#fh	,	2	#df6
#fh	,	2	#CP
#df6	Today	2	#CP
#df6	Today	2	#fh
#CP	Today	2	#df6
#CP	Today	2	#fh
#fh	Today	2	#df6
#fh	Today	2	#CP
#df6	—	2	#CP
#df6	—	2	#fh
#CP	—	2	#df6
#CP	—	2	#fh
#fh	—	2	#df6
#fh	—	2	#CP
#ce	,—	1	#poems1
#poems1	,—	1	#ce
#CP	,	1	#fh
#fh	,	1	#CP
#ce	houses	3	#CP
#ce	houses	3	#fh
#ce	houses	3	#poems1
#CP	houses	3	#ce
#CP	houses	3	#fh
#CP	houses	3	#poems1
#fh	houses	3	#ce
#fh	houses	3	#CP
#fh	houses	3	#poems1
#poems1	houses	3	#ce
#poems1	houses	3	#CP
#poems1	houses	3	#fh
#df6	—	2	#CP
#df6	—	2	#fh
#CP	—	2	#df6
#CP	—	2	#fh
#fh	—	2	#df6
#fh	—	2	#CP
#ce	, 	1	#poems1
#poems1	, 	1	#ce
#ce	past the headlands,	1	#poems1
#poems1	past the headlands,	1	#ce
#CP	past the headlands—	1	#fh
#fh	past the headlands—	1	#CP
#ce		3	#CP
#ce		3	#fh
#ce		3	#poems1
#CP		3	#ce
#CP		3	#fh
#CP		3	#poems1
#fh		3	#ce
#fh		3	#CP
#fh		3	#poems1
#poems1		3	#ce
#poems1		3	#CP
#poems1		3	#fh
#df6	Eternity	2	#CP
#df6	Eternity	2	#fh
#CP	Eternity	2	#df6
#CP	Eternity	2	#fh
#fh	Eternity	2	#df6
#fh	Eternity	2	#CP
#ce	eternity	1	#poems1
#poems1	eternity	1	#ce
#df6	—	2	#CP
#df6	—	2	#fh
#CP	—	2	#df6
#CP	—	2	#fh
#fh	—	2	#df6
#fh	—	2	#CP
#ce	!	1	#poems1
#poems1	!	1	#ce
#ce	among	3	#CP
#ce	among	3	#fh
#ce	among	3	#poems1
#CP	among	3	#ce
#CP	among	3	#fh
#CP	among	3	#poems1
#fh	among	3	#ce
#fh	among	3	#CP
#fh	among	3	#poems1
#poems1	among	3	#ce
#poems1	among	3	#CP
#poems1	among	3	#fh
#ce	,	3	#CP
#ce	,	3	#fh
#ce	,	3	#poems1
#CP	,	3	#ce
#CP	,	3	#fh
#CP	,	3	#poems1
#fh	,	3	#ce
#fh	,	3	#CP
#fh	,	3	#poems1
#poems1	,	3	#ce
#poems1	,	3	#CP
#poems1	,	3	#fh
#ce	land	3	#CP
#ce	land	3	#fh
#ce	land	3	#poems1
#CP	land	3	#ce
#CP	land	3	#fh
#CP	land	3	#poems1
#fh	land	3	#ce
#fh	land	3	#CP
#fh	land	3	#poems1
#poems1	land	3	#ce
#poems1	land	3	#CP
#poems1	land	3	#fh
#ce	?	3	#CP
#ce	?	3	#fh
#ce	?	3	#poems1
#CP	?	3	#ce
#CP	?	3	#fh
#CP	?	3	#poems1
#fh	?	3	#ce
#fh	?	3	#CP
#fh	?	3	#poems1
#poems1	?	3	#ce
#poems1	?	3	#CP
#poems1	?	3	#fh
#ce	escape	2	#CP
#ce	escape	2	#poems2
#CP	escape	2	#ce
#CP	escape	2	#poems2
#poems2	escape	2	#ce
#poems2	escape	2	#CP
#ce	expectation	2	#CP
#ce	expectation	2	#poems2
#CP	expectation	2	#ce
#CP	expectation	2	#poems2
#poems2	expectation	2	#ce
#poems2	expectation	2	#CP
#df6	!	1	#CP
#CP	!	1	#df6
#ce	.	1	#poems2
#poems2	.	1	#ce
#ce	bars	2	#CP
#ce	bars	2	#poems2
#CP	bars	2	#ce
#CP	bars	2	#poems2
#poems2	bars	2	#ce
#poems2	bars	2	#CP
#ce	,—	1	#poems2
#poems2	,—	1	#ce
#df6	Birds	3	#CP
#df6	Birds	3	#D
#df6	Birds	3	#fh
#CP	Birds	3	#df6
#CP	Birds	3	#D
#CP	Birds	3	#fh
#D	Birds	3	#df6
#D	Birds	3	#CP
#D	Birds	3	#fh
#fh	Birds	3	#df6
#fh	Birds	3	#CP
#fh	Birds	3	#D
#ce	birds	1	#poems1
#poems1	birds	1	#ce
#df6	—	3	#CP
#df6	—	3	#D
#df6	—	3	#fh
#CP	—	3	#df6
#CP	—	3	#D
#CP	—	3	#fh
#D	—	3	#df6
#D	—	3	#CP
#D	—	3	#fh
#fh	—	3	#df6
#fh	—	3	#CP
#fh	—	3	#D
#ce	,	1	#poems1
#poems1	,	1	#ce
#df6	—	3	#CP
#df6	—	3	#D
#df6	—	3	#fh
#CP	—	3	#df6
#CP	—	3	#D
#CP	—	3	#fh
#D	—	3	#df6
#D	—	3	#CP
#D	—	3	#fh
#fh	—	3	#df6
#fh	—	3	#CP
#fh	—	3	#D
#ce	, 	1	#poems1
#poems1	, 	1	#ce
#df6	Bird	3	#CP
#df6	Bird	3	#D
#df6	Bird	3	#fh
#CP	Bird	3	#df6
#CP	Bird	3	#D
#CP	Bird	3	#fh
#D	Bird	3	#df6
#D	Bird	3	#CP
#D	Bird	3	#fh
#fh	Bird	3	#df6
#fh	Bird	3	#CP
#fh	Bird	3	#D
#ce	bird	1	#poems1
#poems1	bird	1	#ce
#df6	—	3	#CP
#df6	—	3	#D
#df6	—	3	#fh
#CP	—	3	#df6
#CP	—	3	#D
#CP	—	3	#fh
#D	—	3	#df6
#D	—	3	#CP
#D	—	3	#fh
#fh	—	3	#df6
#fh	—	3	#CP
#fh	—	3	#D
#ce	,	1	#poems1
#poems1	,	1	#ce
#df6	resume	3	#CP
#df6	resume	3	#D
#df6	resume	3	#fh
#CP	resume	3	#df6
#CP	resume	3	#D
#CP	resume	3	#fh
#D	resume	3	#df6
#D	resume	3	#CP
#D	resume	3	#fh
#fh	resume	3	#df6
#fh	resume	3	#CP
#fh	resume	3	#D
#ce	put on	1	#poems1
#poems1	put on	1	#ce
#ce	,	1	#poems1
#poems1	,	1	#ce
#CP	—	2	#D
#CP	—	2	#fh
#D	—	2	#CP
#D	—	2	#fh
#fh	—	2	#CP
#fh	—	2	#D
#df6	—	3	#CP
#df6	—	3	#D
#df6	—	3	#fh
#CP	—	3	#df6
#CP	—	3	#D
#CP	—	3	#fh
#D	—	3	#df6
#D	—	3	#CP
#D	—	3	#fh
#fh	—	3	#df6
#fh	—	3	#CP
#fh	—	3	#D
#ce	,—	1	#poems1
#poems1	,—	1	#ce
#df6		3	#CP
#df6		3	#D
#df6		3	#fh
#CP		3	#df6
#CP		3	#D
#CP		3	#fh
#D		3	#df6
#D		3	#CP
#D		3	#fh
#fh		3	#df6
#fh		3	#CP
#fh		3	#D
#ce	,	1	#poems1
#poems1	,	1	#ce
#df6	Bee	3	#CP
#df6	Bee	3	#D
#df6	Bee	3	#fh
#CP	Bee	3	#df6
#CP	Bee	3	#D
#CP	Bee	3	#fh
#D	Bee	3	#df6
#D	Bee	3	#CP
#D	Bee	3	#fh
#fh	Bee	3	#df6
#fh	Bee	3	#CP
#fh	Bee	3	#D
#ce	bee	1	#poems1
#poems1	bee	1	#ce
#df6	.	1	#D
#D	.	1	#df6
#ce	,	1	#poems1
#poems1	,	1	#ce
#CP	—	1	#fh
#fh	—	1	#CP
#df6	,	3	#ce
#df6	,	3	#D
#df6	,	3	#poems1
#ce	,	3	#df6
#ce	,	3	#D
#ce	,	3	#poems1
#D	,	3	#df6
#D	,	3	#ce
#D	,	3	#poems1
#poems1	,	3	#df6
#poems1	,	3	#ce
#poems1	,	3	#D
#CP	.	1	#fh
#fh	.	1	#CP
#ce	,	1	#poems1
#poems1	,	1	#ce
#CP	—	2	#D
#CP	—	2	#fh
#D	—	2	#CP
#D	—	2	#fh
#fh	—	2	#CP
#fh	—	2	#D
#df6	thro'	3	#CP
#df6	thro'	3	#D
#df6	thro'	3	#fh
#CP	thro'	3	#df6
#CP	thro'	3	#D
#CP	thro'	3	#fh
#D	thro'	3	#df6
#D	thro'	3	#CP
#D	thro'	3	#fh
#fh	thro'	3	#df6
#fh	thro'	3	#CP
#fh	thro'	3	#D
#ce	through	1	#poems1
#poems1	through	1	#ce
#df6	.	3	#CP
#df6	.	3	#D
#df6	.	3	#fh
#CP	.	3	#df6
#CP	.	3	#D
#CP	.	3	#fh
#D	.	3	#df6
#D	.	3	#CP
#D	.	3	#fh
#fh	.	3	#df6
#fh	.	3	#CP
#fh	.	3	#D
#ce	!	1	#poems1
#poems1	!	1	#ce
#df6		3	#CP
#df6		3	#D
#df6		3	#fh
#CP		3	#df6
#CP		3	#D
#CP		3	#fh
#D		3	#df6
#D		3	#CP
#D		3	#fh
#fh		3	#df6
#fh		3	#CP
#fh		3	#D
#ce	,	1	#poems1
#poems1	,	1	#ce
#df6	sacrament	3	#ce
#df6	sacrament	3	#D
#df6	sacrament	3	#poems1
#ce	sacrament	3	#df6
#ce	sacrament	3	#D
#ce	sacrament	3	#poems1
#D	sacrament	3	#df6
#D	sacrament	3	#ce
#D	sacrament	3	#poems1
#poems1	sacrament	3	#df6
#poems1	sacrament	3	#ce
#poems1	sacrament	3	#D
#CP	Sacrament	1	#fh
#fh	Sacrament	1	#CP
#df6		3	#CP
#df6		3	#D
#df6		3	#fh
#CP		3	#df6
#CP		3	#D
#CP		3	#fh
#D		3	#df6
#D		3	#CP
#D		3	#fh
#fh		3	#df6
#fh		3	#CP
#fh		3	#D
#ce	,	1	#poems1
#poems1	,	1	#ce
#df6	Last Communion	3	#CP
#df6	Last Communion	3	#D
#df6	Last Communion	3	#fh
#CP	Last Communion	3	#df6
#CP	Last Communion	3	#D
#CP	Last Communion	3	#fh
#D	Last Communion	3	#df6
#D	Last Communion	3	#CP
#D	Last Communion	3	#fh
#fh	Last Communion	3	#df6
#fh	Last Communion	3	#CP
#fh	Last Communion	3	#D
#ce	last communion	1	#poems1
#poems1	last communion	1	#ce
#df6	Haze	3	#CP
#df6	Haze	3	#D
#df6	Haze	3	#fh
#CP	Haze	3	#df6
#CP	Haze	3	#D
#CP	Haze	3	#fh
#D	Haze	3	#df6
#D	Haze	3	#CP
#D	Haze	3	#fh
#fh	Haze	3	#df6
#fh	Haze	3	#CP
#fh	Haze	3	#D
#ce	haze	1	#poems1
#poems1	haze	1	#ce
#df6	—	3	#CP
#df6	—	3	#D
#df6	—	3	#fh
#CP	—	3	#df6
#CP	—	3	#D
#CP	—	3	#fh
#D	—	3	#df6
#D	—	3	#CP
#D	—	3	#fh
#fh	—	3	#df6
#fh	—	3	#CP
#fh	—	3	#D
#ce	,	1	#poems1
#poems1	,	1	#ce
#df6	,	2	#ce
#df6	,	2	#poems1
#ce	,	2	#df6
#ce	,	2	#poems1
#poems1	,	2	#df6
#poems1	,	2	#ce
#CP	.	1	#fh
#fh	.	1	#CP
#ce	emblems	4	#CP
#ce	emblems	4	#D
#ce	emblems	4	#fh
#ce	emblems	4	#poems1
#CP	emblems	4	#ce
#CP	emblems	4	#D
#CP	emblems	4	#fh
#CP	emblems	4	#poems1
#D	emblems	4	#ce
#D	emblems	4	#CP
#D	emblems	4	#fh
#D	emblems	4	#poems1
#fh	emblems	4	#ce
#fh	emblems	4	#CP
#fh	emblems	4	#D
#fh	emblems	4	#poems1
#poems1	emblems	4	#ce
#poems1	emblems	4	#CP
#poems1	emblems	4	#D
#poems1	emblems	4	#fh
#df6	—	3	#CP
#df6	—	3	#D
#df6	—	3	#fh
#CP	—	3	#df6
#CP	—	3	#D
#CP	—	3	#fh
#D	—	3	#df6
#D	—	3	#CP
#D	—	3	#fh
#fh	—	3	#df6
#fh	—	3	#CP
#fh	—	3	#D
#ce	,	1	#poems1
#poems1	,	1	#ce
#df6	take	3	#CP
#df6	take	3	#D
#df6	take	3	#fh
#CP	take	3	#df6
#CP	take	3	#D
#CP	take	3	#fh
#D	take	3	#df6
#D	take	3	#CP
#D	take	3	#fh
#fh	take	3	#df6
#fh	take	3	#CP
#fh	take	3	#D
#ce	break	1	#poems1
#poems1	break	1	#ce
#df6		3	#CP
#df6		3	#D
#df6		3	#fh
#CP		3	#df6
#CP		3	#D
#CP		3	#fh
#D		3	#df6
#D		3	#CP
#D		3	#fh
#fh		3	#df6
#fh		3	#CP
#fh		3	#D
#ce	,	1	#poems1
#poems1	,	1	#ce
#df6	And	3	#CP
#df6	And	3	#D
#df6	And	3	#fh
#CP	And	3	#df6
#CP	And	3	#D
#CP	And	3	#fh
#D	And	3	#df6
#D	And	3	#CP
#D	And	3	#fh
#fh	And	3	#df6
#fh	And	3	#CP
#fh	And	3	#D
#ce	Taste	1	#poems1
#poems1	Taste	1	#ce
#df6	Autumn	2	#CP
#df6	Autumn	2	#fh
#CP	Autumn	2	#df6
#CP	Autumn	2	#fh
#fh	Autumn	2	#df6
#fh	Autumn	2	#CP
#ce	autumn	1	#LETTER
#LETTER	autumn	1	#ce
#df6		3	#CP
#df6		3	#fh
#df6		3	#LETTER
#CP		3	#df6
#CP		3	#fh
#CP		3	#LETTER
#fh		3	#df6
#fh		3	#CP
#fh		3	#LETTER
#LETTER		3	#df6
#LETTER		3	#CP
#LETTER		3	#fh
#df6	Haze	3	#CP
#df6	Haze	3	#fh
#df6	Haze	3	#LETTER
#CP	Haze	3	#df6
#CP	Haze	3	#fh
#CP	Haze	3	#LETTER
#fh	Haze	3	#df6
#fh	Haze	3	#CP
#fh	Haze	3	#LETTER
#LETTER	Haze	3	#df6
#LETTER	Haze	3	#CP
#LETTER	Haze	3	#fh
#df6	—	3	#CP
#df6	—	3	#fh
#df6	—	3	#LETTER
#CP	—	3	#df6
#CP	—	3	#fh
#CP	—	3	#LETTER
#fh	—	3	#df6
#fh	—	3	#CP
#fh	—	3	#LETTER
#LETTER	—	3	#df6
#LETTER	—	3	#CP
#LETTER	—	3	#fh
#df6	mornings	2	#ce
#df6	mornings	2	#LETTER
#ce	mornings	2	#df6
#ce	mornings	2	#LETTER
#LETTER	mornings	2	#df6
#LETTER	mornings	2	#ce
#CP	Mornings	1	#fh
#fh	Mornings	1	#CP
#df6	—	3	#CP
#df6	—	3	#fh
#df6	—	3	#LETTER
#CP	—	3	#df6
#CP	—	3	#fh
#CP	—	3	#LETTER
#fh	—	3	#df6
#fh	—	3	#CP
#fh	—	3	#LETTER
#LETTER	—	3	#df6
#LETTER	—	3	#CP
#LETTER	—	3	#fh
#df6	Ascetic	2	#CP
#df6	Ascetic	2	#fh
#CP	Ascetic	2	#df6
#CP	Ascetic	2	#fh
#fh	Ascetic	2	#df6
#fh	Ascetic	2	#CP
#ce	ascetic	1	#LETTER
#LETTER	ascetic	1	#ce
#df6	Eves	3	#CP
#df6	Eves	3	#fh
#df6	Eves	3	#LETTER
#CP	Eves	3	#df6
#CP	Eves	3	#fh
#CP	Eves	3	#LETTER
#fh	Eves	3	#df6
#fh	Eves	3	#CP
#fh	Eves	3	#LETTER
#LETTER	Eves	3	#df6
#LETTER	Eves	3	#CP
#LETTER	Eves	3	#fh
#df6	—	3	#CP
#df6	—	3	#fh
#df6	—	3	#LETTER
#CP	—	3	#df6
#CP	—	3	#fh
#CP	—	3	#LETTER
#fh	—	3	#df6
#fh	—	3	#CP
#fh	—	3	#LETTER
#LETTER	—	3	#df6
#LETTER	—	3	#CP
#LETTER	—	3	#fh
#ce		1	#LETTER
#LETTER		1	#ce
#CP	—	1	#fh
#fh	—	1	#CP
#df6		1	#LETTER
#LETTER		1	#df6
#ce	.	2	#CP
#ce	.	2	#fh
#CP	.	2	#ce
#CP	.	2	#fh
#fh	.	2	#ce
#fh	.	2	#CP
#df6	Bryants'	1	#LETTER
#LETTER	Bryants'	1	#df6
#ce	Bryant's	2	#CP
#ce	Bryant's	2	#fh
#CP	Bryant's	2	#ce
#CP	Bryant's	2	#fh
#fh	Bryant's	2	#ce
#fh	Bryant's	2	#CP
#CP	Golden Rod—	1	#fh
#fh	Golden Rod—	1	#CP
#df6		1	#LETTER
#LETTER		1	#df6
#ce	.	2	#CP
#ce	.	2	#fh
#CP	.	2	#ce
#CP	.	2	#fh
#fh	.	2	#ce
#fh	.	2	#CP
#ce	Thomson's	3	#CP
#ce	Thomson's	3	#fh
#ce	Thomson's	3	#LETTER
#CP	Thomson's	3	#ce
#CP	Thomson's	3	#fh
#CP	Thomson's	3	#LETTER
#fh	Thomson's	3	#ce
#fh	Thomson's	3	#CP
#fh	Thomson's	3	#LETTER
#LETTER	Thomson's	3	#ce
#LETTER	Thomson's	3	#CP
#LETTER	Thomson's	3	#fh
#df6	sheaves.	2	#CP
#df6	sheaves.	2	#fh
#CP	sheaves.	2	#df6
#CP	sheaves.	2	#fh
#fh	sheaves.	2	#df6
#fh	sheaves.	2	#CP
#df6	,	3	#CP
#df6	,	3	#fh
#df6	,	3	#LETTER
#CP	,	3	#df6
#CP	,	3	#fh
#CP	,	3	#LETTER
#fh	,	3	#df6
#fh	,	3	#CP
#fh	,	3	#LETTER
#LETTER	,	3	#df6
#LETTER	,	3	#CP
#LETTER	,	3	#fh
#df6	Brook	2	#CP
#df6	Brook	2	#fh
#CP	Brook	2	#df6
#CP	Brook	2	#fh
#fh	Brook	2	#df6
#fh	Brook	2	#CP
#ce	brook	1	#LETTER
#LETTER	brook	1	#ce
#df6	—	2	#CP
#df6	—	2	#fh
#CP	—	2	#df6
#CP	—	2	#fh
#fh	—	2	#df6
#fh	—	2	#CP
#ce	,	1	#LETTER
#LETTER	,	1	#ce
#df6		3	#ce
#df6		3	#CP
#df6		3	#fh
#ce		3	#df6
#ce		3	#CP
#ce		3	#fh
#CP		3	#df6
#CP		3	#ce
#CP		3	#fh
#fh		3	#df6
#fh		3	#ce
#fh		3	#CP
#df6	—	3	#CP
#df6	—	3	#fh
#df6	—	3	#LETTER
#CP	—	3	#df6
#CP	—	3	#fh
#CP	—	3	#LETTER
#fh	—	3	#df6
#fh	—	3	#CP
#fh	—	3	#LETTER
#LETTER	—	3	#df6
#LETTER	—	3	#CP
#LETTER	—	3	#fh
#df6	Eyes	3	#CP
#df6	Eyes	3	#fh
#df6	Eyes	3	#LETTER
#CP	Eyes	3	#df6
#CP	Eyes	3	#fh
#CP	Eyes	3	#LETTER
#fh	Eyes	3	#df6
#fh	Eyes	3	#CP
#fh	Eyes	3	#LETTER
#LETTER	Eyes	3	#df6
#LETTER	Eyes	3	#CP
#LETTER	Eyes	3	#fh
#df6	Elves	3	#CP
#df6	Elves	3	#fh
#df6	Elves	3	#LETTER
#CP	Elves	3	#df6
#CP	Elves	3	#fh
#CP	Elves	3	#LETTER
#fh	Elves	3	#df6
#fh	Elves	3	#CP
#fh	Elves	3	#LETTER
#LETTER	Elves	3	#df6
#LETTER	Elves	3	#CP
#LETTER	Elves	3	#fh
#df6	—	3	#CP
#df6	—	3	#fh
#df6	—	3	#LETTER
#CP	—	3	#df6
#CP	—	3	#fh
#CP	—	3	#LETTER
#fh	—	3	#df6
#fh	—	3	#CP
#fh	—	3	#LETTER
#LETTER	—	3	#df6
#LETTER	—	3	#CP
#LETTER	—	3	#fh
#df6	squirrel	3	#CP
#df6	squirrel	3	#fh
#df6	squirrel	3	#ce
#CP	squirrel	3	#df6
#CP	squirrel	3	#fh
#CP	squirrel	3	#ce
#fh	squirrel	3	#df6
#fh	squirrel	3	#CP
#fh	squirrel	3	#ce
#ce	squirrel	3	#df6
#ce	squirrel	3	#CP
#ce	squirrel	3	#fh
#df6	—	2	#CP
#df6	—	2	#fh
#CP	—	2	#df6
#CP	—	2	#fh
#fh	—	2	#df6
#fh	—	2	#CP
#df6	—	3	#CP
#df6	—	3	#fh
#df6	—	3	#LETTER
#CP	—	3	#df6
#CP	—	3	#fh
#CP	—	3	#LETTER
#fh	—	3	#df6
#fh	—	3	#CP
#fh	—	3	#LETTER
#LETTER	—	3	#df6
#LETTER	—	3	#CP
#LETTER	—	3	#fh
#df6	,	3	#ce
#df6	,	3	#CP
#df6	,	3	#fh
#ce	,	3	#df6
#ce	,	3	#CP
#ce	,	3	#fh
#CP	,	3	#df6
#CP	,	3	#ce
#CP	,	3	#fh
#fh	,	3	#df6
#fh	,	3	#ce
#fh	,	3	#CP
#df6	Oh	3	#CP
#df6	Oh	3	#fh
#df6	Oh	3	#LETTER
#CP	Oh	3	#df6
#CP	Oh	3	#fh
#CP	Oh	3	#LETTER
#fh	Oh	3	#df6
#fh	Oh	3	#CP
#fh	Oh	3	#LETTER
#LETTER	Oh	3	#df6
#LETTER	Oh	3	#CP
#LETTER	Oh	3	#fh
#df6	,	3	#ce
#df6	,	3	#CP
#df6	,	3	#fh
#ce	,	3	#df6
#ce	,	3	#CP
#ce	,	3	#fh
#CP	,	3	#df6
#CP	,	3	#ce
#CP	,	3	#fh
#fh	,	3	#df6
#fh	,	3	#ce
#fh	,	3	#CP
#df6	—	3	#CP
#df6	—	3	#fh
#df6	—	3	#LETTER
#CP	—	3	#df6
#CP	—	3	#fh
#CP	—	3	#LETTER
#fh	—	3	#df6
#fh	—	3	#CP
#fh	—	3	#LETTER
#LETTER	—	3	#df6
#LETTER	—	3	#CP
#LETTER	—	3	#fh
#df6	Alabaster Chambers	2	#CP
#df6	Alabaster Chambers	2	#fh
#CP	Alabaster Chambers	2	#df6
#CP	Alabaster Chambers	2	#fh
#fh	Alabaster Chambers	2	#df6
#fh	Alabaster Chambers	2	#CP
#ce	alabaster chambers	1	#poems1
#poems1	alabaster chambers	1	#ce
#df6	—	2	#CP
#df6	—	2	#fh
#CP	—	2	#df6
#CP	—	2	#fh
#fh	—	2	#df6
#fh	—	2	#CP
#ce	,	1	#poems1
#poems1	,	1	#ce
#df6	morning	2	#ce
#df6	morning	2	#poems1
#ce	morning	2	#df6
#ce	morning	2	#poems1
#poems1	morning	2	#df6
#poems1	morning	2	#ce
#df6		2	#CP
#df6		2	#fh
#CP		2	#df6
#CP		2	#fh
#fh		2	#df6
#fh		2	#CP
#ce	 and untouched by noon,	1	#poems1
#poems1	 and untouched by noon,	1	#ce
#df6	And untouched by Noon—	2	#CP
#df6	And untouched by Noon—	2	#fh
#CP	And untouched by Noon—	2	#df6
#CP	And untouched by Noon—	2	#fh
#fh	And untouched by Noon—	2	#df6
#fh	And untouched by Noon—	2	#CP
#ce		1	#poems1
#poems1		1	#ce
#df6	Resurrection	2	#CP
#df6	Resurrection	2	#fh
#CP	Resurrection	2	#df6
#CP	Resurrection	2	#fh
#fh	Resurrection	2	#df6
#fh	Resurrection	2	#CP
#ce	resurrection	1	#poems1
#poems1	resurrection	1	#ce
#df6	—	2	#CP
#df6	—	2	#fh
#CP	—	2	#df6
#CP	—	2	#fh
#fh	—	2	#df6
#fh	—	2	#CP
#ce	,	1	#poems1
#poems1	,	1	#ce
#df6	Satin	2	#CP
#df6	Satin	2	#fh
#CP	Satin	2	#df6
#CP	Satin	2	#fh
#fh	Satin	2	#df6
#fh	Satin	2	#CP
#ce	satin	1	#poems1
#poems1	satin	1	#ce
#df6	,	2	#ce
#df6	,	2	#poems1
#ce	,	2	#df6
#ce	,	2	#poems1
#poems1	,	2	#df6
#poems1	,	2	#ce
#CP	—	1	#fh
#fh	—	1	#CP
#df6		2	#CP
#df6		2	#fh
#CP		2	#df6
#CP		2	#fh
#fh		2	#df6
#fh		2	#CP
#ce	 and roof of stone.	1	#poems1
#poems1	 and roof of stone.	1	#ce
#df6	And Roof of stone.	2	#CP
#df6	And Roof of stone.	2	#fh
#CP	And Roof of stone.	2	#df6
#CP	And Roof of stone.	2	#fh
#fh	And Roof of stone.	2	#df6
#fh	And Roof of stone.	2	#CP
#df6		2	#CP
#df6		2	#fh
#CP		2	#df6
#CP		2	#fh
#fh		2	#df6
#fh		2	#CP
#ce	 in her castle of sunshine;	1	#poems1
#poems1	 in her castle of sunshine;	1	#ce
#df6	In her Castle above them—	2	#CP
#df6	In her Castle above them—	2	#fh
#CP	In her Castle above them—	2	#df6
#CP	In her Castle above them—	2	#fh
#fh	In her Castle above them—	2	#df6
#fh	In her Castle above them—	2	#CP
#ce		1	#poems1
#poems1		1	#ce
#df6	Bee	2	#CP
#df6	Bee	2	#fh
#CP	Bee	2	#df6
#CP	Bee	2	#fh
#fh	Bee	2	#df6
#fh	Bee	2	#CP
#ce	bee	1	#poems1
#poems1	bee	1	#ce
#df6	Ear	2	#CP
#df6	Ear	2	#fh
#CP	Ear	2	#df6
#CP	Ear	2	#fh
#fh	Ear	2	#df6
#fh	Ear	2	#CP
#ce	ear	1	#poems1
#poems1	ear	1	#ce
#df6	,	2	#CP
#df6	,	2	#fh
#CP	,	2	#df6
#CP	,	2	#fh
#fh	,	2	#df6
#fh	,	2	#CP
#ce	;	1	#poems1
#poems1	;	1	#ce
#df6	Sweet Birds	2	#CP
#df6	Sweet Birds	2	#fh
#CP	Sweet Birds	2	#df6
#CP	Sweet Birds	2	#fh
#fh	Sweet Birds	2	#df6
#fh	Sweet Birds	2	#CP
#ce	sweet birds	1	#poems1
#poems1	sweet birds	1	#ce
#df6	—	2	#CP
#df6	—	2	#fh
#CP	—	2	#df6
#CP	—	2	#fh
#fh	—	2	#df6
#fh	—	2	#CP
#ce	,—	1	#poems1
#poems1	,—	1	#ce
#df6		2	#CP
#df6		2	#fh
#CP		2	#df6
#CP		2	#fh
#fh		2	#df6
#fh		2	#CP
#ce	Grand go the years in the cresent above them;	1	#poems1
#poems1	Grand go the years in the cresent above them;	1	#ce
#df6		2	#CP
#df6		2	#fh
#CP		2	#df6
#CP		2	#fh
#fh		2	#df6
#fh		2	#CP
#ce	Worlds scoop their arcs, and firmaments row,	1	#poems1
#poems1	Worlds scoop their arcs, and firmaments row,	1	#ce
#df6		2	#CP
#df6		2	#fh
#CP		2	#df6
#CP		2	#fh
#fh		2	#df6
#fh		2	#CP
#ce	Diadems drop and Doges surrender,	1	#poems1
#poems1	Diadems drop and Doges surrender,	1	#ce
#df6		2	#CP
#df6		2	#fh
#CP		2	#df6
#CP		2	#fh
#fh		2	#df6
#fh		2	#CP
#ce	Soundless as dots on a disk of snow.	1	#poems1
#poems1	Soundless as dots on a disk of snow.	1	#ce
#df6	—	2	#CP
#df6	—	2	#lSD
#CP	—	2	#df6
#CP	—	2	#lSD
#lSD	—	2	#df6
#lSD	—	2	#CP
#ce		1	#poems2
#poems2		1	#ce
#df6	heart	3	#ce
#df6	heart	3	#CP
#df6	heart	3	#poems2
#ce	heart	3	#df6
#ce	heart	3	#CP
#ce	heart	3	#poems2
#CP	heart	3	#df6
#CP	heart	3	#ce
#CP	heart	3	#poems2
#poems2	heart	3	#df6
#poems2	heart	3	#ce
#poems2	heart	3	#CP
#df6	—	2	#CP
#df6	—	2	#lSD
#CP	—	2	#df6
#CP	—	2	#lSD
#lSD	—	2	#df6
#lSD	—	2	#CP
#ce	, 	1	#poems2
#poems2	, 	1	#ce
#df6	—	1	#CP
#CP	—	1	#df6
#ce	,	2	#lSD
#ce	,	2	#poems2
#lSD	,	2	#ce
#lSD	,	2	#poems2
#poems2	,	2	#ce
#poems2	,	2	#lSD
#df6	—	2	#CP
#df6	—	2	#lSD
#CP	—	2	#df6
#CP	—	2	#lSD
#lSD	—	2	#df6
#lSD	—	2	#CP
#ce	,	1	#poems2
#poems2	,	1	#ce
#df6	Ebbing Day	2	#CP
#df6	Ebbing Day	2	#lSD
#CP	Ebbing Day	2	#df6
#CP	Ebbing Day	2	#lSD
#lSD	Ebbing Day	2	#df6
#lSD	Ebbing Day	2	#CP
#ce	ebbing day	1	#poems2
#poems2	ebbing day	1	#ce
#df6	west	3	#ce
#df6	west	3	#lSD
#df6	west	3	#poems2
#ce	west	3	#df6
#ce	west	3	#lSD
#ce	west	3	#poems2
#lSD	west	3	#df6
#lSD	west	3	#ce
#lSD	west	3	#poems2
#poems2	west	3	#df6
#poems2	west	3	#ce
#poems2	west	3	#lSD
#df6	—	1	#CP
#CP	—	1	#df6
#ce	,	1	#poems2
#poems2	,	1	#ce
#df6	night	3	#ce
#df6	night	3	#lSD
#df6	night	3	#poems2
#ce	night	3	#df6
#ce	night	3	#lSD
#ce	night	3	#poems2
#lSD	night	3	#df6
#lSD	night	3	#ce
#lSD	night	3	#poems2
#poems2	night	3	#df6
#poems2	night	3	#ce
#poems2	night	3	#lSD
#df6	—	1	#CP
#CP	—	1	#df6
#ce		2	#lSD
#ce		2	#poems2
#lSD		2	#ce
#lSD		2	#poems2
#poems2		2	#ce
#poems2		2	#lSD
#df6	Constellation	2	#CP
#df6	Constellation	2	#lSD
#CP	Constellation	2	#df6
#CP	Constellation	2	#lSD
#lSD	Constellation	2	#df6
#lSD	Constellation	2	#CP
#ce	constellation	1	#poems2
#poems2	constellation	1	#ce
#df6	—	2	#CP
#df6	—	2	#lSD
#CP	—	2	#df6
#CP	—	2	#lSD
#lSD	—	2	#df6
#lSD	—	2	#CP
#ce	,	1	#poems2
#poems2	,	1	#ce
#df6	latitudes	3	#ce
#df6	latitudes	3	#CP
#df6	latitudes	3	#poems2
#ce	latitudes	3	#df6
#ce	latitudes	3	#CP
#ce	latitudes	3	#poems2
#CP	latitudes	3	#df6
#CP	latitudes	3	#ce
#CP	latitudes	3	#poems2
#poems2	latitudes	3	#df6
#poems2	latitudes	3	#ce
#poems2	latitudes	3	#CP
#df6	.	3	#ce
#df6	.	3	#CP
#df6	.	3	#poems2
#ce	.	3	#df6
#ce	.	3	#CP
#ce	.	3	#poems2
#CP	.	3	#df6
#CP	.	3	#ce
#CP	.	3	#poems2
#poems2	.	3	#df6
#poems2	.	3	#ce
#poems2	.	3	#CP
#df6	angels	3	#ce
#df6	angels	3	#CP
#df6	angels	3	#poems2
#ce	angels	3	#df6
#ce	angels	3	#CP
#ce	angels	3	#poems2
#CP	angels	3	#df6
#CP	angels	3	#ce
#CP	angels	3	#poems2
#poems2	angels	3	#df6
#poems2	angels	3	#ce
#poems2	angels	3	#CP
#df6	—	1	#CP
#CP	—	1	#df6
#ce	, 	2	#lSD
#ce	, 	2	#poems2
#lSD	, 	2	#ce
#lSD	, 	2	#poems2
#poems2	, 	2	#ce
#poems2	, 	2	#lSD
#df6		2	#CP
#df6		2	#lSD
#CP		2	#df6
#CP		2	#lSD
#lSD		2	#df6
#lSD		2	#CP
#ce	,	1	#poems2
#poems2	,	1	#ce
#df6	Espied	1	#lSD
#lSD	Espied	1	#df6
#ce	espied	2	#CP
#ce	espied	2	#poems2
#CP	espied	2	#ce
#CP	espied	2	#poems2
#poems2	espied	2	#ce
#poems2	espied	2	#CP
#df6	—	2	#CP
#df6	—	2	#lSD
#CP	—	2	#df6
#CP	—	2	#lSD
#lSD	—	2	#df6
#lSD	—	2	#CP
#ce	;	1	#poems2
#poems2	;	1	#ce
#df6		3	#ce
#df6		3	#CP
#df6		3	#poems2
#ce		3	#df6
#ce		3	#CP
#ce		3	#poems2
#CP		3	#df6
#CP		3	#ce
#CP		3	#poems2
#poems2		3	#df6
#poems2		3	#ce
#poems2		3	#CP
#df6	—	2	#CP
#df6	—	2	#lSD
#CP	—	2	#df6
#CP	—	2	#lSD
#lSD	—	2	#df6
#lSD	—	2	#CP
#ce	.	1	#poems2
#poems2	.	1	#ce
#df6	—	2	#CP
#df6	—	2	#lSD
#CP	—	2	#df6
#CP	—	2	#lSD
#lSD	—	2	#df6
#lSD	—	2	#CP
#ce	,—	1	#poems2
#poems2	,—	1	#ce
#df6	Barefoot	2	#CP
#df6	Barefoot	2	#lSD
#CP	Barefoot	2	#df6
#CP	Barefoot	2	#lSD
#lSD	Barefoot	2	#df6
#lSD	Barefoot	2	#CP
#ce	barefoot	1	#poems2
#poems2	barefoot	1	#ce
#df6	—	2	#CP
#df6	—	2	#lSD
#CP	—	2	#df6
#CP	—	2	#lSD
#lSD	—	2	#df6
#lSD	—	2	#CP
#ce	;	1	#poems2
#poems2	;	1	#ce
#df6	—	2	#CP
#df6	—	2	#lSD
#CP	—	2	#df6
#CP	—	2	#lSD
#lSD	—	2	#df6
#lSD	—	2	#CP
#ce	,—	1	#poems2
#poems2	,—	1	#ce
#df6	—	1	#CP
#CP	—	1	#df6
#ce	,	1	#poems2
#poems2	,	1	#ce
#df6	havens	3	#ce
#df6	havens	3	#CP
#df6	havens	3	#poems2
#ce	havens	3	#df6
#ce	havens	3	#CP
#ce	havens	3	#poems2
#CP	havens	3	#df6
#CP	havens	3	#ce
#CP	havens	3	#poems2
#poems2	havens	3	#df6
#poems2	havens	3	#ce
#poems2	havens	3	#CP
#ce	sails	2	#lSD
#ce	sails	2	#poems2
#lSD	sails	2	#ce
#lSD	sails	2	#poems2
#poems2	sails	2	#ce
#poems2	sails	2	#lSD
#df6	Sails	1	#CP
#CP	Sails	1	#df6
#df6		1	#CP
#CP		1	#df6
#ce	, next to mine,	1	#poems2
#poems2	, next to mine,	1	#ce
#df6	Next to mine,	1	#CP
#CP	Next to mine,	1	#df6
#ce		1	#poems2
#poems2		1	#ce
#df6	;	1	#CP
#CP	;	1	#df6
#ce	.	1	#poems2
#poems2	.	1	#ce
#df6	Essay	1	#CP
#CP	Essay	1	#df6
#ce	essay	1	#poems2
#poems2	essay	1	#ce
#df6	,	1	#CP
#CP	,	1	#df6
#ce	;	1	#poems2
#poems2	;	1	#ce
#ce	eyes	2	#CP
#ce	eyes	2	#poems2
#CP	eyes	2	#ce
#CP	eyes	2	#poems2
#poems2	eyes	2	#ce
#poems2	eyes	2	#CP
#df6	—	1	#CP
#CP	—	1	#df6
#ce	;	1	#poems2
#poems2	;	1	#ce
#ce	would	2	#CP
#ce	would	2	#poems2
#CP	would	2	#ce
#CP	would	2	#poems2
#poems2	would	2	#ce
#poems2	would	2	#CP
#ce	alas	2	#CP
#ce	alas	2	#poems2
#CP	alas	2	#ce
#CP	alas	2	#poems2
#poems2	alas	2	#ce
#poems2	alas	2	#CP
#df6	—	1	#CP
#CP	—	1	#df6
#ce	!	1	#poems2
#poems2	!	1	#ce
#df6	Cold	1	#CP
#CP	Cold	1	#df6
#ce	cold	1	#poems2
#poems2	cold	1	#ce
#ce	,	1	#poems2
#poems2	,	1	#ce
#ce	would	2	#CP
#ce	would	2	#poems2
#CP	would	2	#ce
#CP	would	2	#poems2
#poems2	would	2	#ce
#poems2	would	2	#CP
#df6	—	1	#CP
#CP	—	1	#df6
#ce	.	1	#poems2
#poems2	.	1	#ce
#ce	would	2	#CP
#ce	would	2	#poems2
#CP	would	2	#ce
#CP	would	2	#poems2
#poems2	would	2	#ce
#poems2	would	2	#CP
#df6	—	1	#CP
#CP	—	1	#df6
#ce	.	1	#poems2
#poems2	.	1	#ce
#df6	—	1	#CP
#CP	—	1	#df6
#ce	,—	1	#poems2
#poems2	,—	1	#ce
#df6		1	#CP
#CP		1	#df6
#ce	,	1	#poems2
#poems2	,	1	#ce
#df6	children	2	#ce
#df6	children	2	#poems1
#ce	children	2	#df6
#ce	children	2	#poems1
#poems1	children	2	#df6
#poems1	children	2	#ce
#df6	Guest	1	#CP
#CP	Guest	1	#df6
#ce	guest	1	#poems1
#poems1	guest	1	#ce
#df6	Good Night	1	#CP
#CP	Good Night	1	#df6
#ce	good-night	1	#poems1
#poems1	good-night	1	#ce
#df6		1	#CP
#CP		1	#df6
#ce	,	1	#poems1
#poems1	,	1	#ce
#df6	—	1	#CP
#CP	—	1	#df6
#ce	,	1	#poems1
#poems1	,	1	#ce
#df6	—	1	#CP
#CP	—	1	#df6
#ce	,	1	#poems1
#poems1	,	1	#ce
#df6		1	#CP
#CP		1	#df6
#ce	,	1	#poems1
#poems1	,	1	#ce
#df6	morn	2	#ce
#df6	morn	2	#poems1
#ce	morn	2	#df6
#ce	morn	2	#poems1
#poems1	morn	2	#df6
#poems1	morn	2	#ce
#df6	—	1	#CP
#CP	—	1	#df6
#ce	,	1	#poems1
#poems1	,	1	#ce
#ce	don't	2	#CP
#ce	don't	2	#poems2
#CP	don't	2	#ce
#CP	don't	2	#poems2
#poems2	don't	2	#ce
#poems2	don't	2	#CP
#df6	—	1	#CP
#CP	—	1	#df6
#ce	,	1	#poems2
#poems2	,	1	#ce
#df6	!	1	#CP
#CP	!	1	#df6
#ce	,—	1	#poems2
#poems2	,—	1	#ce
#df6		1	#CP
#CP		1	#df6
#ce	,	1	#poems2
#poems2	,	1	#ce
#df6	!	1	#CP
#CP	!	1	#df6
#ce	!—	1	#poems2
#poems2	!—	1	#ce
#df6	Shephard's	1	#CP
#CP	Shephard's	1	#df6
#ce	shepherd's	1	#poems2
#poems2	shepherd's	1	#ce
#ce	should	2	#CP
#ce	should	2	#poems2
#CP	should	2	#ce
#CP	should	2	#poems2
#poems2	should	2	#ce
#poems2	should	2	#CP
#df6		1	#CP
#CP		1	#df6
#ce	,	1	#poems2
#poems2	,	1	#ce
#df6	place	2	#ce
#df6	place	2	#poems2
#ce	place	2	#df6
#ce	place	2	#poems2
#poems2	place	2	#df6
#poems2	place	2	#ce
#df6	—	1	#CP
#CP	—	1	#df6
#ce	!	1	#poems2
#poems2	!	1	#ce
#df6	Robe	1	#CP
#CP	Robe	1	#df6
#ce	robe	1	#poems2
#poems2	robe	1	#ce
#df6		1	#CP
#CP		1	#df6
#ce	,	1	#poems2
#poems2	,	1	#ce
#df6	Crown—	1	#CP
#CP	Crown—	1	#df6
#df6	—	1	#CP
#CP	—	1	#df6
#ce	.	1	#poems2
#poems2	.	1	#ce
#ce	don't	2	#CP
#ce	don't	2	#poems2
#CP	don't	2	#ce
#CP	don't	2	#poems2
#poems2	don't	2	#ce
#poems2	don't	2	#CP
#df6		1	#CP
#CP		1	#df6
#ce	,	1	#poems2
#poems2	,	1	#ce
#ce	would	2	#CP
#ce	would	2	#poems2
#CP	would	2	#ce
#CP	would	2	#poems2
#poems2	would	2	#ce
#poems2	would	2	#CP
#df6	—	1	#CP
#CP	—	1	#df6
#ce	,	1	#poems2
#poems2	,	1	#ce
#df6	Earth	1	#CP
#CP	Earth	1	#df6
#ce	earth	1	#poems2
#poems2	earth	1	#ce
#df6	Autumn	1	#CP
#CP	Autumn	1	#df6
#ce	autumm	1	#poems2
#poems2	autumm	1	#ce
#df6	—	2	#CP
#df6	—	2	#D
#CP	—	2	#df6
#CP	—	2	#D
#D	—	2	#df6
#D	—	2	#CP
#df6	—	2	#CP
#df6	—	2	#D
#CP	—	2	#df6
#CP	—	2	#D
#D	—	2	#df6
#D	—	2	#CP
#df6	Cool	2	#CP
#df6	Cool	2	#D
#CP	Cool	2	#df6
#CP	Cool	2	#D
#D	Cool	2	#df6
#D	Cool	2	#CP
#df6	—	2	#CP
#df6	—	2	#D
#CP	—	2	#df6
#CP	—	2	#D
#D	—	2	#df6
#D	—	2	#CP
#df6		2	#CP
#df6		2	#D
#CP		2	#df6
#CP		2	#D
#D		2	#df6
#D		2	#CP
#df6		2	#CP
#df6		2	#D
#CP		2	#df6
#CP		2	#D
#D		2	#df6
#D		2	#CP
#df6	Curtains	2	#CP
#df6	Curtains	2	#D
#CP	Curtains	2	#df6
#CP	Curtains	2	#D
#D	Curtains	2	#df6
#D	Curtains	2	#CP
#df6		2	#CP
#df6		2	#D
#CP		2	#df6
#CP		2	#D
#D		2	#df6
#D		2	#CP
#df6	!	2	#CP
#df6	!	2	#D
#CP	!	2	#df6
#CP	!	2	#D
#D	!	2	#df6
#D	!	2	#CP
#CP	Italy	1	#D
#D	Italy	1	#CP
#df6	!	2	#CP
#df6	!	2	#D
#CP	!	2	#df6
#CP	!	2	#D
#D	!	2	#df6
#D	!	2	#CP
#df6		2	#CP
#df6		2	#D
#CP		2	#df6
#CP		2	#D
#D		2	#df6
#D		2	#CP
#CP	—	1	#D
#D	—	1	#CP
#df6	—	2	#CP
#df6	—	2	#D
#CP	—	2	#df6
#CP	—	2	#D
#D	—	2	#df6
#D	—	2	#CP
#ce	siren	2	#CP
#ce	siren	2	#D
#CP	siren	2	#ce
#CP	siren	2	#D
#D	siren	2	#ce
#D	siren	2	#CP
#df6		2	#CP
#df6		2	#D
#CP		2	#df6
#CP		2	#D
#D		2	#df6
#D		2	#CP
#df6	Coronet	1	#CP
#CP	Coronet	1	#df6
#df6	!	1	#CP
#CP	!	1	#df6
#df6		1	#CP
#CP		1	#df6
#df6	Flagons, and Cooling Tamarind!	1	#CP
#CP	Flagons, and Cooling Tamarind!	1	#df6
#CP	climbed	1	#ce
#ce	climbed	1	#CP
#CP	explore	1	#ce
#ce	explore	1	#CP
#CP	purple	1	#ce
#ce	purple	1	#CP
#df6	Legions	1	#CP
#CP	Legions	1	#df6
#df6	—	1	#CP
#CP	—	1	#df6
#df6	Emperor	1	#CP
#CP	Emperor	1	#df6
#df6	?	1	#CP
#CP	?	1	#df6
#df6	Hast Thou the Royal scar?	1	#CP
#CP	Hast Thou the Royal scar?	1	#df6
#df6	!	1	#CP
#CP	!	1	#df6
#df6	Write	1	#CP
#CP	Write	1	#df6
#df6	Soldier's	1	#CP
#CP	Soldier's	1	#df6
#df6	Lady	1	#CP
#CP	Lady	1	#df6
#poems3	lady	1	#ce
#ce	lady	1	#poems3
#df6	—	1	#CP
#CP	—	1	#df6
#poems3		1	#ce
#ce		1	#poems3
#poems3	upon	1	#ce
#ce	upon	1	#poems3
#df6	Hill	1	#CP
#CP	Hill	1	#df6
#poems3	hill	1	#ce
#ce	hill	1	#poems3
#df6	!	1	#CP
#CP	!	1	#df6
#poems3	;	1	#ce
#ce	;	1	#poems3
#df6	Lady	1	#CP
#CP	Lady	1	#df6
#poems3	lady	1	#ce
#ce	lady	1	#poems3
#df6	, 	1	#CP
#CP	, 	1	#df6
#poems3		1	#ce
#ce		1	#poems3
#df6	Field	1	#CP
#CP	Field	1	#df6
#poems3	field	1	#ce
#ce	field	1	#poems3
#df6	Lily	1	#CP
#CP	Lily	1	#df6
#poems3	lily	1	#ce
#ce	lily	1	#poems3
#df6	Breezes, 	1	#CP
#CP	Breezes, 	1	#df6
#poems3	breezes 	1	#ce
#ce	breezes 	1	#poems3
#df6	Brooms—	1	#CP
#CP	Brooms—	1	#df6
#poems3	brooms	1	#ce
#ce	brooms	1	#poems3
#df6	—	1	#CP
#CP	—	1	#df6
#poems3	, 	1	#ce
#ce	, 	1	#poems3
#CP	and	2	#poems3
#CP	and	2	#ce
#poems3	and	2	#CP
#poems3	and	2	#ce
#ce	and	2	#CP
#ce	and	2	#poems3
#df6	—	1	#CP
#CP	—	1	#df6
#poems3	, 	1	#ce
#ce	, 	1	#poems3
#CP	and	2	#poems3
#CP	and	2	#ce
#poems3	and	2	#CP
#poems3	and	2	#ce
#ce	and	2	#CP
#ce	and	2	#poems3
#df6	My	1	#CP
#CP	My	1	#df6
#poems3	my	1	#ce
#ce	my	1	#poems3
#df6	Housewives	1	#CP
#CP	Housewives	1	#df6
#poems3	housewives	1	#ce
#ce	housewives	1	#poems3
#CP	expected	2	#poems3
#CP	expected	2	#ce
#poems3	expected	2	#CP
#poems3	expected	2	#ce
#ce	expected	2	#CP
#ce	expected	2	#poems3
#df6	neighbors	2	#poems3
#df6	neighbors	2	#ce
#poems3	neighbors	2	#df6
#poems3	neighbors	2	#ce
#ce	neighbors	2	#df6
#ce	neighbors	2	#poems3
#df6	woods	2	#poems3
#df6	woods	2	#ce
#poems3	woods	2	#df6
#poems3	woods	2	#ce
#ce	woods	2	#df6
#ce	woods	2	#poems3
#CP	exchange	2	#poems3
#CP	exchange	2	#ce
#poems3	exchange	2	#CP
#poems3	exchange	2	#ce
#ce	exchange	2	#CP
#ce	exchange	2	#poems3
#df6	!	1	#CP
#CP	!	1	#df6
#poems3	—	1	#ce
#ce	—	1	#poems3
#df6	Buttercup	1	#CP
#CP	Buttercup	1	#df6
#poems3	buttercup	1	#ce
#ce	buttercup	1	#poems3
#df6	Bird	1	#CP
#CP	Bird	1	#df6
#poems3	bird	1	#ce
#ce	bird	1	#poems3
#CP	such	2	#poems3
#CP	such	2	#ce
#poems3	such	2	#CP
#poems3	such	2	#ce
#ce	such	2	#CP
#ce	such	2	#poems3
#df6	, 	1	#CP
#CP	, 	1	#df6
#poems3		1	#ce
#ce		1	#poems3
#df6	Landscape	1	#CP
#CP	Landscape	1	#df6
#poems3	landscape	1	#ce
#ce	landscape	1	#poems3
#df6	!	1	#CP
#CP	!	1	#df6
#poems3	,	1	#ce
#ce	,	1	#poems3
#df6	Hedge!	1	#CP
#CP	Hedge!	1	#df6
#poems3	wood,	1	#ce
#ce	wood,	1	#poems3
#df6	Resurrection	1	#CP
#CP	Resurrection	1	#df6
#poems3	resurrection	1	#ce
#ce	resurrection	1	#poems3
#df6	strange	1	#CP
#CP	strange	1	#df6
#poems3	odd	1	#ce
#ce	odd	1	#poems3
#df6	, 	3	#CP
#df6	, 	3	#D
#df6	, 	3	#fh
#CP	, 	3	#df6
#CP	, 	3	#D
#CP	, 	3	#fh
#D	, 	3	#df6
#D	, 	3	#CP
#D	, 	3	#fh
#fh	, 	3	#df6
#fh	, 	3	#CP
#fh	, 	3	#D
#poems1		1	#ce
#ce		1	#poems1
#df6	—	3	#CP
#df6	—	3	#D
#df6	—	3	#fh
#CP	—	3	#df6
#CP	—	3	#D
#CP	—	3	#fh
#D	—	3	#df6
#D	—	3	#CP
#D	—	3	#fh
#fh	—	3	#df6
#fh	—	3	#CP
#fh	—	3	#D
#poems1	,	1	#ce
#ce	,	1	#poems1
#CP	gallanter	2	#D
#CP	gallanter	2	#fh
#D	gallanter	2	#CP
#D	gallanter	2	#fh
#fh	gallanter	2	#CP
#fh	gallanter	2	#D
#poems1	gallanter	1	#ce
#ce	gallanter	1	#poems1
#df6		3	#CP
#df6		3	#D
#df6		3	#fh
#CP		3	#df6
#CP		3	#D
#CP		3	#fh
#D		3	#df6
#D		3	#CP
#D		3	#fh
#fh		3	#df6
#fh		3	#CP
#fh		3	#D
#poems1	,	1	#ce
#ce	,	1	#poems1
#df6		3	#CP
#df6		3	#D
#df6		3	#fh
#CP		3	#df6
#CP		3	#D
#CP		3	#fh
#D		3	#df6
#D		3	#CP
#D		3	#fh
#fh		3	#df6
#fh		3	#CP
#fh		3	#D
#poems1	,	1	#ce
#ce	,	1	#poems1
#df6	Cavalry	3	#CP
#df6	Cavalry	3	#D
#df6	Cavalry	3	#fh
#CP	Cavalry	3	#df6
#CP	Cavalry	3	#D
#CP	Cavalry	3	#fh
#D	Cavalry	3	#df6
#D	Cavalry	3	#CP
#D	Cavalry	3	#fh
#fh	Cavalry	3	#df6
#fh	Cavalry	3	#CP
#fh	Cavalry	3	#D
#poems1	cavalry	1	#ce
#ce	cavalry	1	#poems1
#df6	Wo	1	#D
#D	Wo	1	#df6
#CP	Woe	1	#fh
#fh	Woe	1	#CP
#poems1	woe	1	#ce
#ce	woe	1	#poems1
#df6	—	3	#CP
#df6	—	3	#D
#df6	—	3	#fh
#CP	—	3	#df6
#CP	—	3	#D
#CP	—	3	#fh
#D	—	3	#df6
#D	—	3	#CP
#D	—	3	#fh
#fh	—	3	#df6
#fh	—	3	#CP
#fh	—	3	#D
#poems1	.	1	#ce
#ce	.	1	#poems1
#df6	—	3	#CP
#df6	—	3	#D
#df6	—	3	#fh
#CP	—	3	#df6
#CP	—	3	#D
#CP	—	3	#fh
#D	—	3	#df6
#D	—	3	#CP
#D	—	3	#fh
#fh	—	3	#df6
#fh	—	3	#CP
#fh	—	3	#D
#poems1	,	1	#ce
#ce	,	1	#poems1
#df6	—	3	#CP
#df6	—	3	#D
#df6	—	3	#fh
#CP	—	3	#df6
#CP	—	3	#D
#CP	—	3	#fh
#D	—	3	#df6
#D	—	3	#CP
#D	—	3	#fh
#fh	—	3	#df6
#fh	—	3	#CP
#fh	—	3	#D
#poems1	, 	1	#ce
#ce	, 	1	#poems1
#df6	—	3	#CP
#df6	—	3	#D
#df6	—	3	#fh
#CP	—	3	#df6
#CP	—	3	#D
#CP	—	3	#fh
#D	—	3	#df6
#D	—	3	#CP
#D	—	3	#fh
#fh	—	3	#df6
#fh	—	3	#CP
#fh	—	3	#D
#poems1	,	1	#ce
#ce	,	1	#poems1
#CP	eyes	4	#D
#CP	eyes	4	#fh
#CP	eyes	4	#poems1
#CP	eyes	4	#ce
#D	eyes	4	#CP
#D	eyes	4	#fh
#D	eyes	4	#poems1
#D	eyes	4	#ce
#fh	eyes	4	#CP
#fh	eyes	4	#D
#fh	eyes	4	#poems1
#fh	eyes	4	#ce
#poems1	eyes	4	#CP
#poems1	eyes	4	#D
#poems1	eyes	4	#fh
#poems1	eyes	4	#ce
#ce	eyes	4	#CP
#ce	eyes	4	#D
#ce	eyes	4	#fh
#ce	eyes	4	#poems1
#df6	, 	3	#CP
#df6	, 	3	#D
#df6	, 	3	#fh
#CP	, 	3	#df6
#CP	, 	3	#D
#CP	, 	3	#fh
#D	, 	3	#df6
#D	, 	3	#CP
#D	, 	3	#fh
#fh	, 	3	#df6
#fh	, 	3	#CP
#fh	, 	3	#D
#poems1		1	#ce
#ce		1	#poems1
#df6	Country	3	#CP
#df6	Country	3	#D
#df6	Country	3	#fh
#CP	Country	3	#df6
#CP	Country	3	#D
#CP	Country	3	#fh
#D	Country	3	#df6
#D	Country	3	#CP
#D	Country	3	#fh
#fh	Country	3	#df6
#fh	Country	3	#CP
#fh	Country	3	#D
#poems1	country	1	#ce
#ce	country	1	#poems1
#df6	—	3	#CP
#df6	—	3	#D
#df6	—	3	#fh
#CP	—	3	#df6
#CP	—	3	#D
#CP	—	3	#fh
#D	—	3	#df6
#D	—	3	#CP
#D	—	3	#fh
#fh	—	3	#df6
#fh	—	3	#CP
#fh	—	3	#D
#poems1	.	1	#ce
#ce	.	1	#poems1
#df6		3	#CP
#df6		3	#D
#df6		3	#fh
#CP		3	#df6
#CP		3	#D
#CP		3	#fh
#D		3	#df6
#D		3	#CP
#D		3	#fh
#fh		3	#df6
#fh		3	#CP
#fh		3	#D
#ce	,	1	#poems1
#poems1	,	1	#ce
#df6	, 	3	#CP
#df6	, 	3	#D
#df6	, 	3	#fh
#CP	, 	3	#df6
#CP	, 	3	#D
#CP	, 	3	#fh
#D	, 	3	#df6
#D	, 	3	#CP
#D	, 	3	#fh
#fh	, 	3	#df6
#fh	, 	3	#CP
#fh	, 	3	#D
#poems1		1	#ce
#ce		1	#poems1
#df6	Angels	3	#CP
#df6	Angels	3	#D
#df6	Angels	3	#fh
#CP	Angels	3	#df6
#CP	Angels	3	#D
#CP	Angels	3	#fh
#D	Angels	3	#df6
#D	Angels	3	#CP
#D	Angels	3	#fh
#fh	Angels	3	#df6
#fh	Angels	3	#CP
#fh	Angels	3	#D
#poems1	angels	1	#ce
#ce	angels	1	#poems1
#df6	—	3	#CP
#df6	—	3	#D
#df6	—	3	#fh
#CP	—	3	#df6
#CP	—	3	#D
#CP	—	3	#fh
#D	—	3	#df6
#D	—	3	#CP
#D	—	3	#fh
#fh	—	3	#df6
#fh	—	3	#CP
#fh	—	3	#D
#poems1	,	1	#ce
#ce	,	1	#poems1
#df6	Rank	3	#CP
#df6	Rank	3	#D
#df6	Rank	3	#fh
#CP	Rank	3	#df6
#CP	Rank	3	#D
#CP	Rank	3	#fh
#D	Rank	3	#df6
#D	Rank	3	#CP
#D	Rank	3	#fh
#fh	Rank	3	#df6
#fh	Rank	3	#CP
#fh	Rank	3	#D
#poems1	rank	1	#ce
#ce	rank	1	#poems1
#CP	even	4	#D
#CP	even	4	#fh
#CP	even	4	#poems1
#CP	even	4	#ce
#D	even	4	#CP
#D	even	4	#fh
#D	even	4	#poems1
#D	even	4	#ce
#fh	even	4	#CP
#fh	even	4	#D
#fh	even	4	#poems1
#fh	even	4	#ce
#poems1	even	4	#CP
#poems1	even	4	#D
#poems1	even	4	#fh
#poems1	even	4	#ce
#ce	even	4	#CP
#ce	even	4	#D
#ce	even	4	#fh
#ce	even	4	#poems1
#df6	—	3	#CP
#df6	—	3	#D
#df6	—	3	#fh
#CP	—	3	#df6
#CP	—	3	#D
#CP	—	3	#fh
#D	—	3	#df6
#D	—	3	#CP
#D	—	3	#fh
#fh	—	3	#df6
#fh	—	3	#CP
#fh	—	3	#D
#poems1		1	#ce
#ce		1	#poems1
#df6	Uniforms	3	#CP
#df6	Uniforms	3	#D
#df6	Uniforms	3	#fh
#CP	Uniforms	3	#df6
#CP	Uniforms	3	#D
#CP	Uniforms	3	#fh
#D	Uniforms	3	#df6
#D	Uniforms	3	#CP
#D	Uniforms	3	#fh
#fh	Uniforms	3	#df6
#fh	Uniforms	3	#CP
#fh	Uniforms	3	#D
#poems1	uniforms	1	#ce
#ce	uniforms	1	#poems1
#df6	snow	3	#D
#df6	snow	3	#poems1
#df6	snow	3	#ce
#D	snow	3	#df6
#D	snow	3	#poems1
#D	snow	3	#ce
#poems1	snow	3	#df6
#poems1	snow	3	#D
#poems1	snow	3	#ce
#ce	snow	3	#df6
#ce	snow	3	#D
#ce	snow	3	#poems1
#CP	Snow	1	#fh
#fh	Snow	1	#CP